camara_comercio,ciiu2,empresas_activas
ABURRA SUR,01,675
ABURRA SUR,02,82
ABURRA SUR,03,11
ABURRA SUR,05,16
ABURRA SUR,06,1
ABURRA SUR,07,57
ABURRA SUR,08,31
ABURRA SUR,09,21
ABURRA SUR,10,1784
ABURRA SUR,11,73
ABURRA SUR,13,651
ABURRA SUR,14,1368
ABURRA SUR,15,194
ABURRA SUR,16,286
ABURRA SUR,17,68
ABURRA SUR,18,232
ABURRA SUR,19,16
ABURRA SUR,20,416
ABURRA SUR,21,39
ABURRA SUR,22,382
ABURRA SUR,23,164
ABURRA SUR,24,137
ABURRA SUR,25,559
ABURRA SUR,26,26
ABURRA SUR,27,65
ABURRA SUR,28,218
ABURRA SUR,29,80
ABURRA SUR,30,11
ABURRA SUR,31,383
ABURRA SUR,32,384
ABURRA SUR,33,486
ABURRA SUR,35,59
ABURRA SUR,36,43
ABURRA SUR,37,7
ABURRA SUR,38,155
ABURRA SUR,39,29
ABURRA SUR,41,867
ABURRA SUR,42,677
ABURRA SUR,43,1116
ABURRA SUR,45,1512
ABURRA SUR,46,4252
ABURRA SUR,47,11430
ABURRA SUR,49,885
ABURRA SUR,50,3
ABURRA SUR,51,5
ABURRA SUR,52,487
ABURRA SUR,53,171
ABURRA SUR,55,264
ABURRA SUR,56,4863
ABURRA SUR,58,93
ABURRA SUR,59,89
ABURRA SUR,60,23
ABURRA SUR,61,171
ABURRA SUR,62,895
ABURRA SUR,63,167
ABURRA SUR,64,222
ABURRA SUR,65,36
ABURRA SUR,66,491
ABURRA SUR,68,2518
ABURRA SUR,69,491
ABURRA SUR,70,1363
ABURRA SUR,71,778
ABURRA SUR,72,66
ABURRA SUR,73,599
ABURRA SUR,74,585
ABURRA SUR,75,185
ABURRA SUR,77,289
ABURRA SUR,78,48
ABURRA SUR,79,528
ABURRA SUR,80,74
ABURRA SUR,81,268
ABURRA SUR,82,1097
ABURRA SUR,84,62
ABURRA SUR,85,626
ABURRA SUR,86,681
ABURRA SUR,87,58
ABURRA SUR,88,88
ABURRA SUR,90,317
ABURRA SUR,91,11
ABURRA SUR,92,192
ABURRA SUR,93,329
ABURRA SUR,94,1167
ABURRA SUR,95,373
ABURRA SUR,96,2289
ABURRA SUR,98,6
ABURRA SUR,99,1995
ABURRA SUR,na,40
AGUACHICA,01,572
AGUACHICA,02,20
AGUACHICA,03,34
AGUACHICA,05,1
AGUACHICA,06,1
AGUACHICA,07,242
AGUACHICA,08,24
AGUACHICA,09,39
AGUACHICA,10,339
AGUACHICA,11,50
AGUACHICA,13,16
AGUACHICA,14,142
AGUACHICA,15,18
AGUACHICA,16,65
AGUACHICA,17,2
AGUACHICA,18,29
AGUACHICA,19,3
AGUACHICA,20,54
AGUACHICA,21,2
AGUACHICA,22,5
AGUACHICA,23,38
AGUACHICA,24,13
AGUACHICA,25,198
AGUACHICA,26,2
AGUACHICA,27,2
AGUACHICA,28,6
AGUACHICA,29,6
AGUACHICA,31,63
AGUACHICA,32,33
AGUACHICA,33,232
AGUACHICA,35,17
AGUACHICA,36,56
AGUACHICA,37,8
AGUACHICA,38,98
AGUACHICA,39,26
AGUACHICA,41,141
AGUACHICA,42,365
AGUACHICA,43,264
AGUACHICA,45,990
AGUACHICA,46,812
AGUACHICA,47,6171
AGUACHICA,49,404
AGUACHICA,50,38
AGUACHICA,51,1
AGUACHICA,52,88
AGUACHICA,53,70
AGUACHICA,55,352
AGUACHICA,56,1822
AGUACHICA,58,10
AGUACHICA,59,14
AGUACHICA,60,18
AGUACHICA,61,168
AGUACHICA,62,42
AGUACHICA,63,13
AGUACHICA,64,23
AGUACHICA,65,11
AGUACHICA,66,40
AGUACHICA,68,98
AGUACHICA,69,81
AGUACHICA,70,85
AGUACHICA,71,250
AGUACHICA,72,4
AGUACHICA,73,102
AGUACHICA,74,56
AGUACHICA,75,15
AGUACHICA,77,147
AGUACHICA,78,23
AGUACHICA,79,22
AGUACHICA,80,44
AGUACHICA,81,38
AGUACHICA,82,188
AGUACHICA,84,6
AGUACHICA,85,63
AGUACHICA,86,180
AGUACHICA,87,10
AGUACHICA,88,21
AGUACHICA,90,45
AGUACHICA,92,48
AGUACHICA,93,401
AGUACHICA,94,2612
AGUACHICA,95,160
AGUACHICA,96,371
AGUACHICA,97,1
AGUACHICA,99,992
AGUACHICA,na,8
AMAZONAS,01,125
AMAZONAS,02,13
AMAZONAS,03,35
AMAZONAS,08,2
AMAZONAS,09,5
AMAZONAS,10,139
AMAZONAS,11,11
AMAZONAS,13,7
AMAZONAS,14,31
AMAZONAS,15,1
AMAZONAS,16,58
AMAZONAS,17,2
AMAZONAS,18,8
AMAZONAS,20,13
AMAZONAS,21,4
AMAZONAS,22,2
AMAZONAS,23,2
AMAZONAS,24,1
AMAZONAS,25,16
AMAZONAS,26,3
AMAZONAS,28,1
AMAZONAS,29,1
AMAZONAS,31,5
AMAZONAS,32,13
AMAZONAS,33,26
AMAZONAS,35,8
AMAZONAS,36,14
AMAZONAS,37,1
AMAZONAS,38,13
AMAZONAS,39,5
AMAZONAS,41,46
AMAZONAS,42,68
AMAZONAS,43,76
AMAZONAS,45,94
AMAZONAS,46,428
AMAZONAS,47,1321
AMAZONAS,49,70
AMAZONAS,50,99
AMAZONAS,51,14
AMAZONAS,52,20
AMAZONAS,53,17
AMAZONAS,55,218
AMAZONAS,56,565
AMAZONAS,58,2
AMAZONAS,59,8
AMAZONAS,60,4
AMAZONAS,61,56
AMAZONAS,62,20
AMAZONAS,63,7
AMAZONAS,64,8
AMAZONAS,65,2
AMAZONAS,66,78
AMAZONAS,68,79
AMAZONAS,69,27
AMAZONAS,70,47
AMAZONAS,71,54
AMAZONAS,72,4
AMAZONAS,73,44
AMAZONAS,74,31
AMAZONAS,75,9
AMAZONAS,77,28
AMAZONAS,78,5
AMAZONAS,79,296
AMAZONAS,80,25
AMAZONAS,81,22
AMAZONAS,82,45
AMAZONAS,84,5
AMAZONAS,85,56
AMAZONAS,86,114
AMAZONAS,87,3
AMAZONAS,88,5
AMAZONAS,90,26
AMAZONAS,91,10
AMAZONAS,92,13
AMAZONAS,93,27
AMAZONAS,94,289
AMAZONAS,95,34
AMAZONAS,96,236
AMAZONAS,99,297
AMAZONAS,na,24
ARAUCA,01,247
ARAUCA,02,11
ARAUCA,03,25
ARAUCA,06,1
ARAUCA,08,13
ARAUCA,09,4
ARAUCA,10,209
ARAUCA,11,9
ARAUCA,12,4
ARAUCA,13,22
ARAUCA,14,54
ARAUCA,15,26
ARAUCA,16,16
ARAUCA,17,2
ARAUCA,18,8
ARAUCA,20,21
ARAUCA,22,4
ARAUCA,23,11
ARAUCA,24,8
ARAUCA,25,51
ARAUCA,27,2
ARAUCA,28,8
ARAUCA,31,12
ARAUCA,32,16
ARAUCA,33,65
ARAUCA,35,15
ARAUCA,36,8
ARAUCA,37,1
ARAUCA,38,22
ARAUCA,39,14
ARAUCA,41,90
ARAUCA,42,352
ARAUCA,43,129
ARAUCA,45,254
ARAUCA,46,452
ARAUCA,47,1944
ARAUCA,49,88
ARAUCA,50,4
ARAUCA,51,6
ARAUCA,52,21
ARAUCA,53,38
ARAUCA,55,76
ARAUCA,56,684
ARAUCA,58,10
ARAUCA,59,6
ARAUCA,60,10
ARAUCA,61,87
ARAUCA,62,30
ARAUCA,63,8
ARAUCA,64,8
ARAUCA,65,6
ARAUCA,66,69
ARAUCA,68,44
ARAUCA,69,67
ARAUCA,70,120
ARAUCA,71,171
ARAUCA,72,18
ARAUCA,73,90
ARAUCA,74,33
ARAUCA,75,30
ARAUCA,77,44
ARAUCA,78,20
ARAUCA,79,37
ARAUCA,80,20
ARAUCA,81,32
ARAUCA,82,102
ARAUCA,84,22
ARAUCA,85,110
ARAUCA,86,134
ARAUCA,87,5
ARAUCA,88,9
ARAUCA,90,49
ARAUCA,91,2
ARAUCA,92,18
ARAUCA,93,55
ARAUCA,94,503
ARAUCA,95,71
ARAUCA,96,178
ARAUCA,99,813
ARAUCA,na,16
ARMENIA,01,775
ARMENIA,02,42
ARMENIA,03,17
ARMENIA,05,1
ARMENIA,07,9
ARMENIA,08,20
ARMENIA,09,5
ARMENIA,10,1155
ARMENIA,11,73
ARMENIA,13,79
ARMENIA,14,373
ARMENIA,15,107
ARMENIA,16,183
ARMENIA,17,13
ARMENIA,18,97
ARMENIA,19,4
ARMENIA,20,116
ARMENIA,21,19
ARMENIA,22,46
ARMENIA,23,69
ARMENIA,24,38
ARMENIA,25,261
ARMENIA,26,12
ARMENIA,27,11
ARMENIA,28,51
ARMENIA,29,23
ARMENIA,30,7
ARMENIA,31,197
ARMENIA,32,163
ARMENIA,33,190
ARMENIA,35,34
ARMENIA,36,19
ARMENIA,37,14
ARMENIA,38,160
ARMENIA,39,16
ARMENIA,41,1059
ARMENIA,42,379
ARMENIA,43,769
ARMENIA,45,1450
ARMENIA,46,1656
ARMENIA,47,11119
ARMENIA,49,391
ARMENIA,50,3
ARMENIA,51,3
ARMENIA,52,489
ARMENIA,53,106
ARMENIA,55,2146
ARMENIA,56,4516
ARMENIA,58,57
ARMENIA,59,54
ARMENIA,60,23
ARMENIA,61,198
ARMENIA,62,336
ARMENIA,63,94
ARMENIA,64,59
ARMENIA,65,133
ARMENIA,66,502
ARMENIA,68,906
ARMENIA,69,264
ARMENIA,70,434
ARMENIA,71,458
ARMENIA,72,31
ARMENIA,73,430
ARMENIA,74,186
ARMENIA,75,64
ARMENIA,77,138
ARMENIA,78,49
ARMENIA,79,706
ARMENIA,80,92
ARMENIA,81,180
ARMENIA,82,508
ARMENIA,84,44
ARMENIA,85,271
ARMENIA,86,453
ARMENIA,87,36
ARMENIA,88,16
ARMENIA,90,129
ARMENIA,91,9
ARMENIA,92,126
ARMENIA,93,497
ARMENIA,94,2979
ARMENIA,95,337
ARMENIA,96,1587
ARMENIA,98,1
ARMENIA,99,1748
ARMENIA,na,31
BARRANCABERMEJA,01,805
BARRANCABERMEJA,02,28
BARRANCABERMEJA,03,48
BARRANCABERMEJA,05,23
BARRANCABERMEJA,06,3
BARRANCABERMEJA,07,6
BARRANCABERMEJA,08,53
BARRANCABERMEJA,09,34
BARRANCABERMEJA,10,672
BARRANCABERMEJA,11,54
BARRANCABERMEJA,13,27
BARRANCABERMEJA,14,147
BARRANCABERMEJA,15,15
BARRANCABERMEJA,16,147
BARRANCABERMEJA,17,3
BARRANCABERMEJA,18,32
BARRANCABERMEJA,19,39
BARRANCABERMEJA,20,82
BARRANCABERMEJA,21,2
BARRANCABERMEJA,22,16
BARRANCABERMEJA,23,59
BARRANCABERMEJA,24,9
BARRANCABERMEJA,25,313
BARRANCABERMEJA,26,7
BARRANCABERMEJA,27,4
BARRANCABERMEJA,28,25
BARRANCABERMEJA,29,14
BARRANCABERMEJA,30,4
BARRANCABERMEJA,31,54
BARRANCABERMEJA,32,38
BARRANCABERMEJA,33,423
BARRANCABERMEJA,35,54
BARRANCABERMEJA,36,47
BARRANCABERMEJA,37,8
BARRANCABERMEJA,38,151
BARRANCABERMEJA,39,63
BARRANCABERMEJA,41,389
BARRANCABERMEJA,42,1235
BARRANCABERMEJA,43,513
BARRANCABERMEJA,45,1099
BARRANCABERMEJA,46,1042
BARRANCABERMEJA,47,6492
BARRANCABERMEJA,49,702
BARRANCABERMEJA,50,48
BARRANCABERMEJA,51,2
BARRANCABERMEJA,52,123
BARRANCABERMEJA,53,111
BARRANCABERMEJA,55,421
BARRANCABERMEJA,56,2392
BARRANCABERMEJA,58,16
BARRANCABERMEJA,59,24
BARRANCABERMEJA,60,13
BARRANCABERMEJA,61,238
BARRANCABERMEJA,62,81
BARRANCABERMEJA,63,27
BARRANCABERMEJA,64,51
BARRANCABERMEJA,65,54
BARRANCABERMEJA,66,161
BARRANCABERMEJA,68,164
BARRANCABERMEJA,69,152
BARRANCABERMEJA,70,398
BARRANCABERMEJA,71,506
BARRANCABERMEJA,72,12
BARRANCABERMEJA,73,191
BARRANCABERMEJA,74,135
BARRANCABERMEJA,75,76
BARRANCABERMEJA,77,416
BARRANCABERMEJA,78,46
BARRANCABERMEJA,79,142
BARRANCABERMEJA,80,43
BARRANCABERMEJA,81,161
BARRANCABERMEJA,82,203
BARRANCABERMEJA,84,29
BARRANCABERMEJA,85,240
BARRANCABERMEJA,86,409
BARRANCABERMEJA,87,10
BARRANCABERMEJA,88,14
BARRANCABERMEJA,90,71
BARRANCABERMEJA,91,3
BARRANCABERMEJA,92,83
BARRANCABERMEJA,93,206
BARRANCABERMEJA,94,4083
BARRANCABERMEJA,95,161
BARRANCABERMEJA,96,487
BARRANCABERMEJA,99,678
BARRANCABERMEJA,na,7
BARRANQUILLA,01,3519
BARRANQUILLA,02,112
BARRANQUILLA,03,311
BARRANQUILLA,05,60
BARRANQUILLA,06,16
BARRANQUILLA,07,54
BARRANQUILLA,08,204
BARRANQUILLA,09,57
BARRANQUILLA,10,3973
BARRANQUILLA,11,209
BARRANQUILLA,12,1
BARRANQUILLA,13,527
BARRANQUILLA,14,3473
BARRANQUILLA,15,682
BARRANQUILLA,16,863
BARRANQUILLA,17,135
BARRANQUILLA,18,877
BARRANQUILLA,19,57
BARRANQUILLA,20,783
BARRANQUILLA,21,217
BARRANQUILLA,22,482
BARRANQUILLA,23,454
BARRANQUILLA,24,299
BARRANQUILLA,25,1996
BARRANQUILLA,26,121
BARRANQUILLA,27,190
BARRANQUILLA,28,299
BARRANQUILLA,29,217
BARRANQUILLA,30,105
BARRANQUILLA,31,1260
BARRANQUILLA,32,681
BARRANQUILLA,33,3070
BARRANQUILLA,35,389
BARRANQUILLA,36,111
BARRANQUILLA,37,49
BARRANQUILLA,38,1113
BARRANQUILLA,39,180
BARRANQUILLA,41,3615
BARRANQUILLA,42,5284
BARRANQUILLA,43,5549
BARRANQUILLA,45,7006
BARRANQUILLA,46,17897
BARRANQUILLA,47,48504
BARRANQUILLA,49,4048
BARRANQUILLA,50,179
BARRANQUILLA,51,58
BARRANQUILLA,52,1531
BARRANQUILLA,53,598
BARRANQUILLA,55,1119
BARRANQUILLA,56,11727
BARRANQUILLA,58,341
BARRANQUILLA,59,463
BARRANQUILLA,60,322
BARRANQUILLA,61,1400
BARRANQUILLA,62,2228
BARRANQUILLA,63,407
BARRANQUILLA,64,1933
BARRANQUILLA,65,495
BARRANQUILLA,66,3242
BARRANQUILLA,68,6891
BARRANQUILLA,69,3311
BARRANQUILLA,70,4946
BARRANQUILLA,71,3309
BARRANQUILLA,72,188
BARRANQUILLA,73,2348
BARRANQUILLA,74,2244
BARRANQUILLA,75,269
BARRANQUILLA,77,1172
BARRANQUILLA,78,843
BARRANQUILLA,79,789
BARRANQUILLA,80,522
BARRANQUILLA,81,959
BARRANQUILLA,82,4578
BARRANQUILLA,84,273
BARRANQUILLA,85,2696
BARRANQUILLA,86,4778
BARRANQUILLA,87,131
BARRANQUILLA,88,208
BARRANQUILLA,90,1248
BARRANQUILLA,91,69
BARRANQUILLA,92,722
BARRANQUILLA,93,1202
BARRANQUILLA,94,13628
BARRANQUILLA,95,1109
BARRANQUILLA,96,5218
BARRANQUILLA,97,18
BARRANQUILLA,98,11
BARRANQUILLA,99,6912
BARRANQUILLA,na,17
BOGOTA,00,14504
BOGOTA,01,14933
BOGOTA,02,730
BOGOTA,03,289
BOGOTA,05,1411
BOGOTA,06,258
BOGOTA,07,642
BOGOTA,08,1760
BOGOTA,09,1351
BOGOTA,10,27518
BOGOTA,11,1169
BOGOTA,12,5
BOGOTA,13,5692
BOGOTA,14,21483
BOGOTA,15,5864
BOGOTA,16,3631
BOGOTA,17,1147
BOGOTA,18,6865
BOGOTA,19,339
BOGOTA,20,5489
BOGOTA,21,1478
BOGOTA,22,4407
BOGOTA,23,1986
BOGOTA,24,1779
BOGOTA,25,9050
BOGOTA,26,710
BOGOTA,27,1422
BOGOTA,28,3110
BOGOTA,29,2458
BOGOTA,30,365
BOGOTA,31,7648
BOGOTA,32,6361
BOGOTA,33,10045
BOGOTA,35,1868
BOGOTA,36,887
BOGOTA,37,224
BOGOTA,38,5512
BOGOTA,39,923
BOGOTA,41,19280
BOGOTA,42,17214
BOGOTA,43,27012
BOGOTA,45,40135
BOGOTA,46,77822
BOGOTA,47,216087
BOGOTA,49,21391
BOGOTA,50,186
BOGOTA,51,644
BOGOTA,52,7842
BOGOTA,53,3392
BOGOTA,55,5152
BOGOTA,56,79591
BOGOTA,58,2927
BOGOTA,59,4281
BOGOTA,60,525
BOGOTA,61,8264
BOGOTA,62,21799
BOGOTA,63,4089
BOGOTA,64,5141
BOGOTA,65,1724
BOGOTA,66,15692
BOGOTA,68,41130
BOGOTA,69,23075
BOGOTA,70,36312
BOGOTA,71,23234
BOGOTA,72,2605
BOGOTA,73,19683
BOGOTA,74,14876
BOGOTA,75,3018
BOGOTA,77,5508
BOGOTA,78,3286
BOGOTA,79,7363
BOGOTA,80,4009
BOGOTA,81,5636
BOGOTA,82,32315
BOGOTA,84,1164
BOGOTA,85,16643
BOGOTA,86,19650
BOGOTA,87,1323
BOGOTA,88,1628
BOGOTA,90,8826
BOGOTA,91,518
BOGOTA,92,2279
BOGOTA,93,6913
BOGOTA,94,31498
BOGOTA,95,8315
BOGOTA,96,32023
BOGOTA,97,101
BOGOTA,98,50
BOGOTA,99,4541
BOGOTA,A0,2
BOGOTA,C1,2
BOGOTA,D1,5
BOGOTA,D2,3
BOGOTA,D3,1
BOGOTA,E4,1
BOGOTA,F4,8
BOGOTA,G5,15
BOGOTA,H5,5
BOGOTA,I6,5
BOGOTA,J6,2
BOGOTA,K7,13
BOGOTA,M8,2
BOGOTA,N8,1
BOGOTA,O9,4
BOGOTA,na,71953
BUCARAMANGA,01,3789
BUCARAMANGA,02,117
BUCARAMANGA,03,81
BUCARAMANGA,05,42
BUCARAMANGA,06,2
BUCARAMANGA,07,186
BUCARAMANGA,08,203
BUCARAMANGA,09,82
BUCARAMANGA,10,4320
BUCARAMANGA,11,178
BUCARAMANGA,12,134
BUCARAMANGA,13,547
BUCARAMANGA,14,2626
BUCARAMANGA,15,2151
BUCARAMANGA,16,560
BUCARAMANGA,17,80
BUCARAMANGA,18,388
BUCARAMANGA,19,42
BUCARAMANGA,20,503
BUCARAMANGA,21,65
BUCARAMANGA,22,218
BUCARAMANGA,23,350
BUCARAMANGA,24,179
BUCARAMANGA,25,1129
BUCARAMANGA,26,74
BUCARAMANGA,27,103
BUCARAMANGA,28,295
BUCARAMANGA,29,262
BUCARAMANGA,30,21
BUCARAMANGA,31,818
BUCARAMANGA,32,921
BUCARAMANGA,33,1406
BUCARAMANGA,35,260
BUCARAMANGA,36,659
BUCARAMANGA,37,24
BUCARAMANGA,38,542
BUCARAMANGA,39,130
BUCARAMANGA,41,2677
BUCARAMANGA,42,2924
BUCARAMANGA,43,3309
BUCARAMANGA,45,6029
BUCARAMANGA,46,8006
BUCARAMANGA,47,42217
BUCARAMANGA,49,2117
BUCARAMANGA,50,27
BUCARAMANGA,51,17
BUCARAMANGA,52,1027
BUCARAMANGA,53,1111
BUCARAMANGA,55,1757
BUCARAMANGA,56,11515
BUCARAMANGA,58,180
BUCARAMANGA,59,184
BUCARAMANGA,60,97
BUCARAMANGA,61,898
BUCARAMANGA,62,1143
BUCARAMANGA,63,269
BUCARAMANGA,64,520
BUCARAMANGA,65,182
BUCARAMANGA,66,2600
BUCARAMANGA,68,2749
BUCARAMANGA,69,1816
BUCARAMANGA,70,2323
BUCARAMANGA,71,3392
BUCARAMANGA,72,254
BUCARAMANGA,73,1552
BUCARAMANGA,74,1109
BUCARAMANGA,75,430
BUCARAMANGA,77,754
BUCARAMANGA,78,295
BUCARAMANGA,79,1176
BUCARAMANGA,80,436
BUCARAMANGA,81,711
BUCARAMANGA,82,2064
BUCARAMANGA,84,171
BUCARAMANGA,85,1737
BUCARAMANGA,86,2409
BUCARAMANGA,87,203
BUCARAMANGA,88,293
BUCARAMANGA,90,823
BUCARAMANGA,91,44
BUCARAMANGA,92,343
BUCARAMANGA,93,1190
BUCARAMANGA,94,8695
BUCARAMANGA,95,1200
BUCARAMANGA,96,4306
BUCARAMANGA,97,12
BUCARAMANGA,98,2
BUCARAMANGA,99,3859
BUCARAMANGA,O9,1
BUCARAMANGA,na,11
BUENAVENTURA,01,77
BUENAVENTURA,02,82
BUENAVENTURA,03,116
BUENAVENTURA,05,1
BUENAVENTURA,07,13
BUENAVENTURA,08,47
BUENAVENTURA,10,262
BUENAVENTURA,11,101
BUENAVENTURA,13,50
BUENAVENTURA,14,84
BUENAVENTURA,15,8
BUENAVENTURA,16,140
BUENAVENTURA,17,1
BUENAVENTURA,18,31
BUENAVENTURA,19,2
BUENAVENTURA,20,45
BUENAVENTURA,21,5
BUENAVENTURA,22,9
BUENAVENTURA,23,18
BUENAVENTURA,24,5
BUENAVENTURA,25,100
BUENAVENTURA,26,3
BUENAVENTURA,27,3
BUENAVENTURA,28,14
BUENAVENTURA,29,4
BUENAVENTURA,30,49
BUENAVENTURA,31,50
BUENAVENTURA,32,44
BUENAVENTURA,33,141
BUENAVENTURA,35,23
BUENAVENTURA,36,5
BUENAVENTURA,37,3
BUENAVENTURA,38,64
BUENAVENTURA,39,12
BUENAVENTURA,41,126
BUENAVENTURA,42,250
BUENAVENTURA,43,174
BUENAVENTURA,45,415
BUENAVENTURA,46,734
BUENAVENTURA,47,4267
BUENAVENTURA,49,268
BUENAVENTURA,50,262
BUENAVENTURA,51,14
BUENAVENTURA,52,1033
BUENAVENTURA,53,50
BUENAVENTURA,55,260
BUENAVENTURA,56,944
BUENAVENTURA,58,22
BUENAVENTURA,59,13
BUENAVENTURA,60,9
BUENAVENTURA,61,130
BUENAVENTURA,62,76
BUENAVENTURA,63,63
BUENAVENTURA,64,57
BUENAVENTURA,65,39
BUENAVENTURA,66,94
BUENAVENTURA,68,149
BUENAVENTURA,69,100
BUENAVENTURA,70,342
BUENAVENTURA,71,369
BUENAVENTURA,72,15
BUENAVENTURA,73,124
BUENAVENTURA,74,69
BUENAVENTURA,75,11
BUENAVENTURA,77,53
BUENAVENTURA,78,52
BUENAVENTURA,79,177
BUENAVENTURA,80,52
BUENAVENTURA,81,82
BUENAVENTURA,82,159
BUENAVENTURA,84,15
BUENAVENTURA,85,316
BUENAVENTURA,86,227
BUENAVENTURA,87,5
BUENAVENTURA,88,4
BUENAVENTURA,90,51
BUENAVENTURA,91,5
BUENAVENTURA,92,46
BUENAVENTURA,93,102
BUENAVENTURA,94,2429
BUENAVENTURA,95,118
BUENAVENTURA,96,524
BUENAVENTURA,97,3
BUENAVENTURA,99,426
BUENAVENTURA,D1,1
BUENAVENTURA,G5,5
BUENAVENTURA,na,10
BUGA,00,2
BUGA,01,608
BUGA,02,40
BUGA,03,28
BUGA,05,1
BUGA,07,10
BUGA,08,21
BUGA,10,534
BUGA,11,66
BUGA,12,3
BUGA,13,98
BUGA,14,165
BUGA,15,49
BUGA,16,89
BUGA,17,3
BUGA,18,35
BUGA,19,7
BUGA,20,68
BUGA,21,10
BUGA,22,19
BUGA,23,39
BUGA,24,7
BUGA,25,114
BUGA,26,6
BUGA,27,8
BUGA,28,22
BUGA,29,11
BUGA,30,17
BUGA,31,60
BUGA,32,89
BUGA,33,172
BUGA,35,15
BUGA,36,41
BUGA,37,5
BUGA,38,72
BUGA,39,20
BUGA,40,6
BUGA,41,195
BUGA,42,168
BUGA,43,160
BUGA,45,664
BUGA,46,568
BUGA,47,4857
BUGA,49,332
BUGA,50,17
BUGA,51,15
BUGA,52,173
BUGA,53,64
BUGA,55,413
BUGA,56,1913
BUGA,58,12
BUGA,59,12
BUGA,60,8
BUGA,61,142
BUGA,62,71
BUGA,63,23
BUGA,64,55
BUGA,65,50
BUGA,66,153
BUGA,68,254
BUGA,69,69
BUGA,70,130
BUGA,71,105
BUGA,72,5
BUGA,73,113
BUGA,74,76
BUGA,75,31
BUGA,77,92
BUGA,78,21
BUGA,79,167
BUGA,80,24
BUGA,81,60
BUGA,82,199
BUGA,84,22
BUGA,85,154
BUGA,86,210
BUGA,87,13
BUGA,88,15
BUGA,89,1
BUGA,90,81
BUGA,91,1
BUGA,92,57
BUGA,93,216
BUGA,94,1516
BUGA,95,131
BUGA,96,504
BUGA,97,1
BUGA,98,1
BUGA,99,315
BUGA,A0,3
BUGA,D1,1
BUGA,D2,1
BUGA,G5,7
BUGA,H5,8
BUGA,I6,1
BUGA,J6,2
BUGA,M8,1
BUGA,O9,2
BUGA,na,29
CALI,01,3401
CALI,02,157
CALI,03,103
CALI,05,123
CALI,06,1
CALI,07,124
CALI,08,217
CALI,09,27
CALI,10,5495
CALI,11,300
CALI,12,1
CALI,13,738
CALI,14,4385
CALI,15,1168
CALI,16,856
CALI,17,264
CALI,18,1165
CALI,19,33
CALI,20,1045
CALI,21,225
CALI,22,813
CALI,23,350
CALI,24,266
CALI,25,1701
CALI,26,143
CALI,27,191
CALI,28,507
CALI,29,253
CALI,30,47
CALI,31,1179
CALI,32,1653
CALI,33,2751
CALI,35,359
CALI,36,125
CALI,37,46
CALI,38,1315
CALI,39,150
CALI,41,3808
CALI,42,3456
CALI,43,5437
CALI,45,8957
CALI,46,13581
CALI,47,53095
CALI,49,3603
CALI,50,52
CALI,51,80
CALI,52,1323
CALI,53,936
CALI,55,1737
CALI,56,14836
CALI,58,547
CALI,59,523
CALI,60,116
CALI,61,1465
CALI,62,3134
CALI,63,758
CALI,64,1224
CALI,65,347
CALI,66,3612
CALI,68,9013
CALI,69,3160
CALI,70,5764
CALI,71,3392
CALI,72,241
CALI,73,2930
CALI,74,1816
CALI,75,560
CALI,77,1180
CALI,78,611
CALI,79,1963
CALI,80,677
CALI,81,1527
CALI,82,5442
CALI,84,214
CALI,85,3323
CALI,86,4753
CALI,87,338
CALI,88,283
CALI,90,1777
CALI,91,50
CALI,92,396
CALI,93,1541
CALI,94,12974
CALI,95,1899
CALI,96,9106
CALI,97,12
CALI,98,10
CALI,99,2910
CALI,A0,587
CALI,B0,45
CALI,C1,9
CALI,D1,101
CALI,D2,399
CALI,D3,75
CALI,E4,4
CALI,F4,225
CALI,G5,2306
CALI,H5,48
CALI,I6,286
CALI,J6,730
CALI,K7,411
CALI,L7,1
CALI,M8,80
CALI,N8,99
CALI,O9,220
CALI,na,5676
CARTAGENA,01,1537
CARTAGENA,02,91
CARTAGENA,03,294
CARTAGENA,05,11
CARTAGENA,06,5
CARTAGENA,07,12
CARTAGENA,08,86
CARTAGENA,09,32
CARTAGENA,10,1927
CARTAGENA,11,92
CARTAGENA,12,3
CARTAGENA,13,221
CARTAGENA,14,740
CARTAGENA,15,96
CARTAGENA,16,366
CARTAGENA,17,18
CARTAGENA,18,273
CARTAGENA,19,20
CARTAGENA,20,232
CARTAGENA,21,36
CARTAGENA,22,116
CARTAGENA,23,171
CARTAGENA,24,84
CARTAGENA,25,664
CARTAGENA,26,58
CARTAGENA,27,30
CARTAGENA,28,57
CARTAGENA,29,35
CARTAGENA,30,160
CARTAGENA,31,191
CARTAGENA,32,343
CARTAGENA,33,1410
CARTAGENA,35,174
CARTAGENA,36,70
CARTAGENA,37,19
CARTAGENA,38,512
CARTAGENA,39,122
CARTAGENA,40,1
CARTAGENA,41,1634
CARTAGENA,42,2858
CARTAGENA,43,2475
CARTAGENA,45,2609
CARTAGENA,46,4792
CARTAGENA,47,19689
CARTAGENA,49,2035
CARTAGENA,50,423
CARTAGENA,51,67
CARTAGENA,52,1078
CARTAGENA,53,232
CARTAGENA,55,2439
CARTAGENA,56,8035
CARTAGENA,58,135
CARTAGENA,59,235
CARTAGENA,60,56
CARTAGENA,61,558
CARTAGENA,62,829
CARTAGENA,63,179
CARTAGENA,64,397
CARTAGENA,65,83
CARTAGENA,66,787
CARTAGENA,67,5
CARTAGENA,68,4474
CARTAGENA,69,1516
CARTAGENA,70,2186
CARTAGENA,71,1483
CARTAGENA,72,136
CARTAGENA,73,754
CARTAGENA,74,851
CARTAGENA,75,129
CARTAGENA,77,797
CARTAGENA,78,219
CARTAGENA,79,2584
CARTAGENA,80,180
CARTAGENA,81,501
CARTAGENA,82,1813
CARTAGENA,84,147
CARTAGENA,85,1201
CARTAGENA,86,2108
CARTAGENA,87,94
CARTAGENA,88,128
CARTAGENA,90,787
CARTAGENA,91,63
CARTAGENA,92,439
CARTAGENA,93,774
CARTAGENA,94,15016
CARTAGENA,95,465
CARTAGENA,96,2310
CARTAGENA,97,10
CARTAGENA,98,10
CARTAGENA,99,19492
CARTAGENA,A0,51
CARTAGENA,B0,14
CARTAGENA,C1,8
CARTAGENA,D1,66
CARTAGENA,D2,119
CARTAGENA,D3,36
CARTAGENA,E4,10
CARTAGENA,F4,275
CARTAGENA,G5,619
CARTAGENA,H5,45
CARTAGENA,I6,164
CARTAGENA,J6,196
CARTAGENA,K7,626
CARTAGENA,L7,8
CARTAGENA,M8,5
CARTAGENA,N8,19
CARTAGENA,O9,38
CARTAGENA,Q9,2
CARTAGENA,Z9,309
CARTAGENA,na,8833
CARTAGO,01,701
CARTAGO,02,12
CARTAGO,03,11
CARTAGO,08,27
CARTAGO,10,482
CARTAGO,11,19
CARTAGO,13,33
CARTAGO,14,185
CARTAGO,15,43
CARTAGO,16,72
CARTAGO,17,8
CARTAGO,18,26
CARTAGO,19,2
CARTAGO,20,49
CARTAGO,21,9
CARTAGO,22,12
CARTAGO,23,71
CARTAGO,24,7
CARTAGO,25,100
CARTAGO,26,4
CARTAGO,27,3
CARTAGO,28,18
CARTAGO,29,10
CARTAGO,30,1
CARTAGO,31,82
CARTAGO,32,54
CARTAGO,33,114
CARTAGO,35,13
CARTAGO,36,41
CARTAGO,37,2
CARTAGO,38,114
CARTAGO,39,36
CARTAGO,41,242
CARTAGO,42,166
CARTAGO,43,158
CARTAGO,45,756
CARTAGO,46,636
CARTAGO,47,6015
CARTAGO,49,131
CARTAGO,50,1
CARTAGO,51,4
CARTAGO,52,139
CARTAGO,53,36
CARTAGO,55,264
CARTAGO,56,1953
CARTAGO,58,17
CARTAGO,59,20
CARTAGO,60,11
CARTAGO,61,133
CARTAGO,62,60
CARTAGO,63,23
CARTAGO,64,29
CARTAGO,65,21
CARTAGO,66,143
CARTAGO,68,245
CARTAGO,69,118
CARTAGO,70,128
CARTAGO,71,108
CARTAGO,72,6
CARTAGO,73,129
CARTAGO,74,77
CARTAGO,75,42
CARTAGO,77,86
CARTAGO,78,22
CARTAGO,79,126
CARTAGO,80,27
CARTAGO,81,29
CARTAGO,82,168
CARTAGO,84,22
CARTAGO,85,146
CARTAGO,86,203
CARTAGO,87,21
CARTAGO,88,28
CARTAGO,90,70
CARTAGO,91,10
CARTAGO,92,59
CARTAGO,93,209
CARTAGO,94,1119
CARTAGO,95,171
CARTAGO,96,765
CARTAGO,97,3
CARTAGO,98,1
CARTAGO,99,800
CARTAGO,na,39
CASANARE,01,2252
CASANARE,02,85
CASANARE,03,107
CASANARE,05,5
CASANARE,06,1
CASANARE,07,3
CASANARE,08,114
CASANARE,09,77
CASANARE,10,983
CASANARE,11,68
CASANARE,13,93
CASANARE,14,283
CASANARE,15,55
CASANARE,16,104
CASANARE,17,3
CASANARE,18,62
CASANARE,19,2
CASANARE,20,96
CASANARE,21,5
CASANARE,22,23
CASANARE,23,73
CASANARE,24,19
CASANARE,25,607
CASANARE,26,6
CASANARE,27,7
CASANARE,28,27
CASANARE,29,13
CASANARE,31,83
CASANARE,32,83
CASANARE,33,619
CASANARE,35,63
CASANARE,36,109
CASANARE,37,15
CASANARE,38,200
CASANARE,39,81
CASANARE,41,285
CASANARE,42,2328
CASANARE,43,763
CASANARE,45,1858
CASANARE,46,1344
CASANARE,47,8927
CASANARE,49,1218
CASANARE,50,9
CASANARE,51,4
CASANARE,52,180
CASANARE,53,124
CASANARE,55,713
CASANARE,56,4898
CASANARE,58,33
CASANARE,59,40
CASANARE,60,42
CASANARE,61,349
CASANARE,62,147
CASANARE,63,20
CASANARE,64,56
CASANARE,65,53
CASANARE,66,167
CASANARE,68,432
CASANARE,69,332
CASANARE,70,510
CASANARE,71,1060
CASANARE,72,80
CASANARE,73,346
CASANARE,74,225
CASANARE,75,203
CASANARE,77,363
CASANARE,78,113
CASANARE,79,210
CASANARE,80,81
CASANARE,81,160
CASANARE,82,572
CASANARE,84,90
CASANARE,85,545
CASANARE,86,627
CASANARE,87,34
CASANARE,88,92
CASANARE,90,253
CASANARE,91,19
CASANARE,92,84
CASANARE,93,414
CASANARE,94,1909
CASANARE,95,281
CASANARE,96,1059
CASANARE,97,5
CASANARE,98,2
CASANARE,99,1859
CASANARE,G5,1
CASANARE,I6,1
CASANARE,na,48
CAUCA,01,1599
CAUCA,02,85
CAUCA,03,125
CAUCA,05,15
CAUCA,07,132
CAUCA,08,116
CAUCA,09,11
CAUCA,10,1597
CAUCA,11,163
CAUCA,13,128
CAUCA,14,512
CAUCA,15,91
CAUCA,16,250
CAUCA,17,28
CAUCA,18,153
CAUCA,19,5
CAUCA,20,172
CAUCA,21,30
CAUCA,22,79
CAUCA,23,130
CAUCA,24,32
CAUCA,25,423
CAUCA,26,28
CAUCA,27,18
CAUCA,28,51
CAUCA,29,28
CAUCA,30,29
CAUCA,31,177
CAUCA,32,208
CAUCA,33,319
CAUCA,35,78
CAUCA,36,105
CAUCA,37,6
CAUCA,38,208
CAUCA,39,83
CAUCA,41,721
CAUCA,42,727
CAUCA,43,565
CAUCA,45,2229
CAUCA,46,2002
CAUCA,47,17277
CAUCA,49,531
CAUCA,50,34
CAUCA,51,4
CAUCA,52,277
CAUCA,53,152
CAUCA,55,581
CAUCA,56,5062
CAUCA,58,55
CAUCA,59,46
CAUCA,60,47
CAUCA,61,598
CAUCA,62,316
CAUCA,63,63
CAUCA,64,112
CAUCA,65,83
CAUCA,66,276
CAUCA,68,505
CAUCA,69,356
CAUCA,70,543
CAUCA,71,512
CAUCA,72,68
CAUCA,73,417
CAUCA,74,275
CAUCA,75,150
CAUCA,77,190
CAUCA,78,62
CAUCA,79,266
CAUCA,80,153
CAUCA,81,315
CAUCA,82,547
CAUCA,84,70
CAUCA,85,467
CAUCA,86,935
CAUCA,87,47
CAUCA,88,20
CAUCA,90,302
CAUCA,91,11
CAUCA,92,155
CAUCA,93,426
CAUCA,94,6563
CAUCA,95,324
CAUCA,96,1661
CAUCA,97,1
CAUCA,98,1
CAUCA,99,3318
CAUCA,na,114
CHINCHINA,01,66
CHINCHINA,02,1
CHINCHINA,03,1
CHINCHINA,08,7
CHINCHINA,09,1
CHINCHINA,10,112
CHINCHINA,11,2
CHINCHINA,13,5
CHINCHINA,14,22
CHINCHINA,15,6
CHINCHINA,16,10
CHINCHINA,18,2
CHINCHINA,20,6
CHINCHINA,21,5
CHINCHINA,22,1
CHINCHINA,23,6
CHINCHINA,24,5
CHINCHINA,25,17
CHINCHINA,26,1
CHINCHINA,27,2
CHINCHINA,28,2
CHINCHINA,29,1
CHINCHINA,31,10
CHINCHINA,32,12
CHINCHINA,33,37
CHINCHINA,35,5
CHINCHINA,36,1
CHINCHINA,38,9
CHINCHINA,39,2
CHINCHINA,41,16
CHINCHINA,42,17
CHINCHINA,43,32
CHINCHINA,45,148
CHINCHINA,46,139
CHINCHINA,47,1102
CHINCHINA,49,31
CHINCHINA,51,1
CHINCHINA,52,52
CHINCHINA,53,4
CHINCHINA,55,129
CHINCHINA,56,405
CHINCHINA,58,3
CHINCHINA,59,1
CHINCHINA,60,2
CHINCHINA,61,20
CHINCHINA,62,14
CHINCHINA,63,3
CHINCHINA,64,5
CHINCHINA,65,5
CHINCHINA,66,18
CHINCHINA,68,46
CHINCHINA,69,17
CHINCHINA,70,22
CHINCHINA,71,24
CHINCHINA,72,3
CHINCHINA,73,27
CHINCHINA,74,12
CHINCHINA,75,1
CHINCHINA,77,10
CHINCHINA,78,3
CHINCHINA,79,25
CHINCHINA,80,7
CHINCHINA,81,16
CHINCHINA,82,66
CHINCHINA,84,5
CHINCHINA,85,14
CHINCHINA,86,30
CHINCHINA,87,6
CHINCHINA,88,2
CHINCHINA,90,4
CHINCHINA,91,2
CHINCHINA,92,81
CHINCHINA,93,46
CHINCHINA,94,252
CHINCHINA,95,26
CHINCHINA,96,133
CHINCHINA,99,136
CHOCÃ,01,281
CHOCÃ,02,103
CHOCÃ,03,64
CHOCÃ,05,1
CHOCÃ,06,1
CHOCÃ,07,227
CHOCÃ,08,31
CHOCÃ,09,9
CHOCÃ,10,410
CHOCÃ,11,148
CHOCÃ,12,2
CHOCÃ,13,58
CHOCÃ,14,101
CHOCÃ,15,15
CHOCÃ,16,109
CHOCÃ,17,5
CHOCÃ,18,15
CHOCÃ,20,42
CHOCÃ,21,4
CHOCÃ,22,4
CHOCÃ,23,30
CHOCÃ,24,16
CHOCÃ,25,78
CHOCÃ,26,3
CHOCÃ,27,2
CHOCÃ,28,3
CHOCÃ,29,2
CHOCÃ,30,25
CHOCÃ,31,56
CHOCÃ,32,31
CHOCÃ,33,152
CHOCÃ,35,59
CHOCÃ,36,43
CHOCÃ,37,6
CHOCÃ,38,75
CHOCÃ,39,47
CHOCÃ,40,3
CHOCÃ,41,187
CHOCÃ,42,268
CHOCÃ,43,279
CHOCÃ,45,445
CHOCÃ,46,767
CHOCÃ,47,6002
CHOCÃ,49,175
CHOCÃ,50,204
CHOCÃ,51,39
CHOCÃ,52,142
CHOCÃ,53,46
CHOCÃ,55,634
CHOCÃ,56,1319
CHOCÃ,58,18
CHOCÃ,59,24
CHOCÃ,60,40
CHOCÃ,61,137
CHOCÃ,62,104
CHOCÃ,63,26
CHOCÃ,64,68
CHOCÃ,65,6
CHOCÃ,66,31
CHOCÃ,67,3
CHOCÃ,68,114
CHOCÃ,69,233
CHOCÃ,70,236
CHOCÃ,71,87
CHOCÃ,72,53
CHOCÃ,73,82
CHOCÃ,74,172
CHOCÃ,75,14
CHOCÃ,77,59
CHOCÃ,78,9
CHOCÃ,79,167
CHOCÃ,80,7
CHOCÃ,81,111
CHOCÃ,82,264
CHOCÃ,83,10
CHOCÃ,84,21
CHOCÃ,85,269
CHOCÃ,86,507
CHOCÃ,87,12
CHOCÃ,88,5
CHOCÃ,90,67
CHOCÃ,91,154
CHOCÃ,92,91
CHOCÃ,93,115
CHOCÃ,94,3961
CHOCÃ,95,114
CHOCÃ,96,438
CHOCÃ,97,1
CHOCÃ,98,1
CHOCÃ,99,1514
CHOCÃ,A0,1
CHOCÃ,C1,2
CHOCÃ,D2,2
CHOCÃ,G5,7
CHOCÃ,I6,3
CHOCÃ,J6,1
CHOCÃ,K7,3
CHOCÃ,M8,1
CHOCÃ,N8,2
CHOCÃ,O9,3
CHOCÃ,Z9,9
CHOCÃ,na,53
CUCUTA,01,1496
CUCUTA,02,93
CUCUTA,03,55
CUCUTA,05,805
CUCUTA,06,1
CUCUTA,07,14
CUCUTA,08,135
CUCUTA,09,31
CUCUTA,10,2195
CUCUTA,11,95
CUCUTA,12,25
CUCUTA,13,277
CUCUTA,14,3431
CUCUTA,15,2130
CUCUTA,16,258
CUCUTA,17,56
CUCUTA,18,185
CUCUTA,19,107
CUCUTA,20,340
CUCUTA,21,25
CUCUTA,22,185
CUCUTA,23,348
CUCUTA,24,155
CUCUTA,25,597
CUCUTA,26,10
CUCUTA,27,25
CUCUTA,28,98
CUCUTA,29,87
CUCUTA,30,13
CUCUTA,31,551
CUCUTA,32,361
CUCUTA,33,483
CUCUTA,35,136
CUCUTA,36,57
CUCUTA,37,9
CUCUTA,38,528
CUCUTA,39,35
CUCUTA,41,1545
CUCUTA,42,1112
CUCUTA,43,1520
CUCUTA,45,4511
CUCUTA,46,6522
CUCUTA,47,30645
CUCUTA,49,1856
CUCUTA,50,5
CUCUTA,51,31
CUCUTA,52,516
CUCUTA,53,562
CUCUTA,55,776
CUCUTA,56,7591
CUCUTA,58,74
CUCUTA,59,77
CUCUTA,60,64
CUCUTA,61,562
CUCUTA,62,553
CUCUTA,63,203
CUCUTA,64,147
CUCUTA,65,305
CUCUTA,66,827
CUCUTA,68,1262
CUCUTA,69,803
CUCUTA,70,910
CUCUTA,71,1079
CUCUTA,72,59
CUCUTA,73,1234
CUCUTA,74,384
CUCUTA,75,221
CUCUTA,77,404
CUCUTA,78,88
CUCUTA,79,509
CUCUTA,80,439
CUCUTA,81,441
CUCUTA,82,1243
CUCUTA,84,41
CUCUTA,85,814
CUCUTA,86,1242
CUCUTA,87,28
CUCUTA,88,61
CUCUTA,90,428
CUCUTA,91,26
CUCUTA,92,216
CUCUTA,93,837
CUCUTA,94,4932
CUCUTA,95,685
CUCUTA,96,2741
CUCUTA,97,7
CUCUTA,98,1
CUCUTA,99,3522
CUCUTA,Z9,2
CUCUTA,na,32
DOSQUEBRADAS,01,65
DOSQUEBRADAS,02,3
DOSQUEBRADAS,03,2
DOSQUEBRADAS,07,2
DOSQUEBRADAS,08,3
DOSQUEBRADAS,09,1
DOSQUEBRADAS,10,433
DOSQUEBRADAS,11,19
DOSQUEBRADAS,13,63
DOSQUEBRADAS,14,395
DOSQUEBRADAS,15,42
DOSQUEBRADAS,16,64
DOSQUEBRADAS,17,13
DOSQUEBRADAS,18,32
DOSQUEBRADAS,19,2
DOSQUEBRADAS,20,60
DOSQUEBRADAS,21,4
DOSQUEBRADAS,22,45
DOSQUEBRADAS,23,41
DOSQUEBRADAS,24,18
DOSQUEBRADAS,25,162
DOSQUEBRADAS,26,4
DOSQUEBRADAS,27,13
DOSQUEBRADAS,28,37
DOSQUEBRADAS,29,31
DOSQUEBRADAS,30,4
DOSQUEBRADAS,31,111
DOSQUEBRADAS,32,44
DOSQUEBRADAS,33,126
DOSQUEBRADAS,35,13
DOSQUEBRADAS,36,26
DOSQUEBRADAS,37,1
DOSQUEBRADAS,38,70
DOSQUEBRADAS,39,4
DOSQUEBRADAS,41,198
DOSQUEBRADAS,42,144
DOSQUEBRADAS,43,304
DOSQUEBRADAS,45,543
DOSQUEBRADAS,46,573
DOSQUEBRADAS,47,3294
DOSQUEBRADAS,49,305
DOSQUEBRADAS,50,2
DOSQUEBRADAS,52,120
DOSQUEBRADAS,53,25
DOSQUEBRADAS,55,92
DOSQUEBRADAS,56,1095
DOSQUEBRADAS,58,16
DOSQUEBRADAS,59,21
DOSQUEBRADAS,60,2
DOSQUEBRADAS,61,73
DOSQUEBRADAS,62,98
DOSQUEBRADAS,63,39
DOSQUEBRADAS,64,28
DOSQUEBRADAS,65,3
DOSQUEBRADAS,66,67
DOSQUEBRADAS,68,198
DOSQUEBRADAS,69,49
DOSQUEBRADAS,70,106
DOSQUEBRADAS,71,74
DOSQUEBRADAS,72,7
DOSQUEBRADAS,73,127
DOSQUEBRADAS,74,57
DOSQUEBRADAS,75,28
DOSQUEBRADAS,77,68
DOSQUEBRADAS,78,9
DOSQUEBRADAS,79,70
DOSQUEBRADAS,80,22
DOSQUEBRADAS,81,59
DOSQUEBRADAS,82,138
DOSQUEBRADAS,84,9
DOSQUEBRADAS,85,79
DOSQUEBRADAS,86,82
DOSQUEBRADAS,87,19
DOSQUEBRADAS,88,16
DOSQUEBRADAS,90,73
DOSQUEBRADAS,92,33
DOSQUEBRADAS,93,131
DOSQUEBRADAS,94,647
DOSQUEBRADAS,95,84
DOSQUEBRADAS,96,497
DOSQUEBRADAS,97,1
DOSQUEBRADAS,99,412
DOSQUEBRADAS,na,6
DUITAMA,01,376
DUITAMA,02,51
DUITAMA,03,8
DUITAMA,05,698
DUITAMA,07,8
DUITAMA,08,58
DUITAMA,09,7
DUITAMA,10,627
DUITAMA,11,39
DUITAMA,13,89
DUITAMA,14,172
DUITAMA,15,15
DUITAMA,16,126
DUITAMA,17,9
DUITAMA,18,51
DUITAMA,19,5
DUITAMA,20,64
DUITAMA,21,9
DUITAMA,22,26
DUITAMA,23,60
DUITAMA,24,30
DUITAMA,25,244
DUITAMA,26,5
DUITAMA,27,18
DUITAMA,28,25
DUITAMA,29,81
DUITAMA,30,2
DUITAMA,31,96
DUITAMA,32,63
DUITAMA,33,177
DUITAMA,35,33
DUITAMA,36,219
DUITAMA,38,97
DUITAMA,39,21
DUITAMA,41,342
DUITAMA,42,332
DUITAMA,43,326
DUITAMA,45,1281
DUITAMA,46,1212
DUITAMA,47,6945
DUITAMA,49,880
DUITAMA,51,3
DUITAMA,52,179
DUITAMA,53,77
DUITAMA,55,374
DUITAMA,56,2658
DUITAMA,58,16
DUITAMA,59,12
DUITAMA,60,20
DUITAMA,61,169
DUITAMA,62,101
DUITAMA,63,8
DUITAMA,64,37
DUITAMA,65,37
DUITAMA,66,116
DUITAMA,68,196
DUITAMA,69,116
DUITAMA,70,138
DUITAMA,71,588
DUITAMA,72,13
DUITAMA,73,198
DUITAMA,74,96
DUITAMA,75,51
DUITAMA,77,98
DUITAMA,78,24
DUITAMA,79,171
DUITAMA,80,51
DUITAMA,81,82
DUITAMA,82,283
DUITAMA,84,35
DUITAMA,85,127
DUITAMA,86,216
DUITAMA,87,40
DUITAMA,88,12
DUITAMA,90,102
DUITAMA,91,4
DUITAMA,92,79
DUITAMA,93,255
DUITAMA,94,1584
DUITAMA,95,198
DUITAMA,96,633
DUITAMA,99,523
DUITAMA,na,38
FACATATIVA,01,1897
FACATATIVA,02,69
FACATATIVA,03,23
FACATATIVA,05,7
FACATATIVA,06,2
FACATATIVA,07,4
FACATATIVA,08,72
FACATATIVA,09,21
FACATATIVA,10,1983
FACATATIVA,11,79
FACATATIVA,13,223
FACATATIVA,14,551
FACATATIVA,15,62
FACATATIVA,16,271
FACATATIVA,17,52
FACATATIVA,18,84
FACATATIVA,19,16
FACATATIVA,20,296
FACATATIVA,21,33
FACATATIVA,22,212
FACATATIVA,23,95
FACATATIVA,24,89
FACATATIVA,25,662
FACATATIVA,26,18
FACATATIVA,27,29
FACATATIVA,28,103
FACATATIVA,29,124
FACATATIVA,30,7
FACATATIVA,31,181
FACATATIVA,32,198
FACATATIVA,33,550
FACATATIVA,35,26
FACATATIVA,36,341
FACATATIVA,37,19
FACATATIVA,38,362
FACATATIVA,39,57
FACATATIVA,41,511
FACATATIVA,42,814
FACATATIVA,43,947
FACATATIVA,45,2295
FACATATIVA,46,2405
FACATATIVA,47,16478
FACATATIVA,49,1290
FACATATIVA,50,4
FACATATIVA,51,3
FACATATIVA,52,577
FACATATIVA,53,139
FACATATIVA,55,1114
FACATATIVA,56,7589
FACATATIVA,58,55
FACATATIVA,59,43
FACATATIVA,60,32
FACATATIVA,61,392
FACATATIVA,62,303
FACATATIVA,63,59
FACATATIVA,64,123
FACATATIVA,65,36
FACATATIVA,66,181
FACATATIVA,68,609
FACATATIVA,69,311
FACATATIVA,70,497
FACATATIVA,71,487
FACATATIVA,72,89
FACATATIVA,73,334
FACATATIVA,74,351
FACATATIVA,75,126
FACATATIVA,77,266
FACATATIVA,78,154
FACATATIVA,79,449
FACATATIVA,80,60
FACATATIVA,81,254
FACATATIVA,82,959
FACATATIVA,84,87
FACATATIVA,85,577
FACATATIVA,86,479
FACATATIVA,87,82
FACATATIVA,88,66
FACATATIVA,90,201
FACATATIVA,91,21
FACATATIVA,92,65
FACATATIVA,93,540
FACATATIVA,94,2389
FACATATIVA,95,449
FACATATIVA,96,2024
FACATATIVA,97,4
FACATATIVA,98,1
FACATATIVA,99,2176
FACATATIVA,na,33
FLORENCIA PARA EL CAQUETA,01,536
FLORENCIA PARA EL CAQUETA,02,22
FLORENCIA PARA EL CAQUETA,03,35
FLORENCIA PARA EL CAQUETA,07,4
FLORENCIA PARA EL CAQUETA,08,35
FLORENCIA PARA EL CAQUETA,09,5
FLORENCIA PARA EL CAQUETA,10,590
FLORENCIA PARA EL CAQUETA,11,37
FLORENCIA PARA EL CAQUETA,13,31
FLORENCIA PARA EL CAQUETA,14,115
FLORENCIA PARA EL CAQUETA,15,39
FLORENCIA PARA EL CAQUETA,16,61
FLORENCIA PARA EL CAQUETA,18,42
FLORENCIA PARA EL CAQUETA,20,55
FLORENCIA PARA EL CAQUETA,22,12
FLORENCIA PARA EL CAQUETA,23,30
FLORENCIA PARA EL CAQUETA,24,3
FLORENCIA PARA EL CAQUETA,25,136
FLORENCIA PARA EL CAQUETA,26,3
FLORENCIA PARA EL CAQUETA,27,6
FLORENCIA PARA EL CAQUETA,28,7
FLORENCIA PARA EL CAQUETA,29,8
FLORENCIA PARA EL CAQUETA,30,8
FLORENCIA PARA EL CAQUETA,31,66
FLORENCIA PARA EL CAQUETA,32,56
FLORENCIA PARA EL CAQUETA,33,108
FLORENCIA PARA EL CAQUETA,35,35
FLORENCIA PARA EL CAQUETA,36,21
FLORENCIA PARA EL CAQUETA,37,2
FLORENCIA PARA EL CAQUETA,38,45
FLORENCIA PARA EL CAQUETA,39,17
FLORENCIA PARA EL CAQUETA,41,216
FLORENCIA PARA EL CAQUETA,42,287
FLORENCIA PARA EL CAQUETA,43,169
FLORENCIA PARA EL CAQUETA,45,1135
FLORENCIA PARA EL CAQUETA,46,748
FLORENCIA PARA EL CAQUETA,47,7375
FLORENCIA PARA EL CAQUETA,49,169
FLORENCIA PARA EL CAQUETA,50,35
FLORENCIA PARA EL CAQUETA,51,4
FLORENCIA PARA EL CAQUETA,52,73
FLORENCIA PARA EL CAQUETA,53,52
FLORENCIA PARA EL CAQUETA,55,338
FLORENCIA PARA EL CAQUETA,56,1999
FLORENCIA PARA EL CAQUETA,58,12
FLORENCIA PARA EL CAQUETA,59,13
FLORENCIA PARA EL CAQUETA,60,16
FLORENCIA PARA EL CAQUETA,61,212
FLORENCIA PARA EL CAQUETA,62,59
FLORENCIA PARA EL CAQUETA,63,15
FLORENCIA PARA EL CAQUETA,64,21
FLORENCIA PARA EL CAQUETA,65,18
FLORENCIA PARA EL CAQUETA,66,92
FLORENCIA PARA EL CAQUETA,68,145
FLORENCIA PARA EL CAQUETA,69,117
FLORENCIA PARA EL CAQUETA,70,287
FLORENCIA PARA EL CAQUETA,71,145
FLORENCIA PARA EL CAQUETA,72,4
FLORENCIA PARA EL CAQUETA,73,149
FLORENCIA PARA EL CAQUETA,74,75
FLORENCIA PARA EL CAQUETA,75,44
FLORENCIA PARA EL CAQUETA,77,58
FLORENCIA PARA EL CAQUETA,78,3
FLORENCIA PARA EL CAQUETA,79,126
FLORENCIA PARA EL CAQUETA,80,35
FLORENCIA PARA EL CAQUETA,81,56
FLORENCIA PARA EL CAQUETA,82,176
FLORENCIA PARA EL CAQUETA,84,4
FLORENCIA PARA EL CAQUETA,85,82
FLORENCIA PARA EL CAQUETA,86,298
FLORENCIA PARA EL CAQUETA,87,7
FLORENCIA PARA EL CAQUETA,88,4
FLORENCIA PARA EL CAQUETA,90,51
FLORENCIA PARA EL CAQUETA,91,3
FLORENCIA PARA EL CAQUETA,92,77
FLORENCIA PARA EL CAQUETA,93,196
FLORENCIA PARA EL CAQUETA,94,3230
FLORENCIA PARA EL CAQUETA,95,131
FLORENCIA PARA EL CAQUETA,96,633
FLORENCIA PARA EL CAQUETA,98,1
FLORENCIA PARA EL CAQUETA,99,585
FLORENCIA PARA EL CAQUETA,na,1
GIRARDOT,01,410
GIRARDOT,02,15
GIRARDOT,03,9
GIRARDOT,05,7
GIRARDOT,07,4
GIRARDOT,08,51
GIRARDOT,09,2
GIRARDOT,10,504
GIRARDOT,11,45
GIRARDOT,13,24
GIRARDOT,14,140
GIRARDOT,15,14
GIRARDOT,16,82
GIRARDOT,17,2
GIRARDOT,18,26
GIRARDOT,20,62
GIRARDOT,21,1
GIRARDOT,22,6
GIRARDOT,23,51
GIRARDOT,24,15
GIRARDOT,25,150
GIRARDOT,26,4
GIRARDOT,27,2
GIRARDOT,28,10
GIRARDOT,29,4
GIRARDOT,30,2
GIRARDOT,31,56
GIRARDOT,32,56
GIRARDOT,33,131
GIRARDOT,35,25
GIRARDOT,36,146
GIRARDOT,37,5
GIRARDOT,38,86
GIRARDOT,39,11
GIRARDOT,41,394
GIRARDOT,42,361
GIRARDOT,43,458
GIRARDOT,45,731
GIRARDOT,46,993
GIRARDOT,47,6349
GIRARDOT,49,246
GIRARDOT,50,6
GIRARDOT,52,105
GIRARDOT,53,82
GIRARDOT,55,679
GIRARDOT,56,3654
GIRARDOT,58,25
GIRARDOT,59,15
GIRARDOT,60,14
GIRARDOT,61,191
GIRARDOT,62,79
GIRARDOT,63,10
GIRARDOT,64,19
GIRARDOT,65,28
GIRARDOT,66,125
GIRARDOT,68,298
GIRARDOT,69,116
GIRARDOT,70,144
GIRARDOT,71,202
GIRARDOT,72,11
GIRARDOT,73,171
GIRARDOT,74,133
GIRARDOT,75,53
GIRARDOT,77,95
GIRARDOT,78,55
GIRARDOT,79,167
GIRARDOT,80,55
GIRARDOT,81,187
GIRARDOT,82,260
GIRARDOT,84,97
GIRARDOT,85,192
GIRARDOT,86,279
GIRARDOT,87,478
GIRARDOT,88,23
GIRARDOT,90,77
GIRARDOT,91,6
GIRARDOT,92,72
GIRARDOT,93,313
GIRARDOT,94,1378
GIRARDOT,95,177
GIRARDOT,96,635
GIRARDOT,98,3
GIRARDOT,99,759
GIRARDOT,na,12
HONDA,01,388
HONDA,02,13
HONDA,03,19
HONDA,05,1
HONDA,07,9
HONDA,08,42
HONDA,09,3
HONDA,10,374
HONDA,11,33
HONDA,13,23
HONDA,14,73
HONDA,15,13
HONDA,16,36
HONDA,17,1
HONDA,18,14
HONDA,19,1
HONDA,20,42
HONDA,21,2
HONDA,22,1
HONDA,23,40
HONDA,24,7
HONDA,25,83
HONDA,27,3
HONDA,28,4
HONDA,29,6
HONDA,30,1
HONDA,31,28
HONDA,32,37
HONDA,33,93
HONDA,35,13
HONDA,36,72
HONDA,38,47
HONDA,39,7
HONDA,41,112
HONDA,42,179
HONDA,43,102
HONDA,45,595
HONDA,46,778
HONDA,47,4834
HONDA,49,187
HONDA,50,7
HONDA,51,2
HONDA,52,82
HONDA,53,36
HONDA,55,450
HONDA,56,2166
HONDA,58,11
HONDA,59,4
HONDA,60,19
HONDA,61,131
HONDA,62,28
HONDA,63,8
HONDA,64,6
HONDA,65,31
HONDA,66,58
HONDA,68,103
HONDA,69,31
HONDA,70,45
HONDA,71,100
HONDA,72,1
HONDA,73,108
HONDA,74,29
HONDA,75,16
HONDA,77,38
HONDA,78,8
HONDA,79,113
HONDA,80,16
HONDA,81,63
HONDA,82,105
HONDA,84,3
HONDA,85,66
HONDA,86,103
HONDA,87,7
HONDA,88,11
HONDA,90,27
HONDA,91,2
HONDA,92,39
HONDA,93,248
HONDA,94,1704
HONDA,95,130
HONDA,96,359
HONDA,99,475
HONDA,na,1
HUILA,01,1856
HUILA,02,50
HUILA,03,335
HUILA,05,1
HUILA,06,2
HUILA,07,46
HUILA,08,129
HUILA,09,67
HUILA,10,2052
HUILA,11,127
HUILA,12,1
HUILA,13,128
HUILA,14,695
HUILA,15,76
HUILA,16,165
HUILA,17,16
HUILA,18,154
HUILA,19,5
HUILA,20,226
HUILA,21,24
HUILA,22,66
HUILA,23,229
HUILA,24,39
HUILA,25,512
HUILA,26,13
HUILA,27,17
HUILA,28,61
HUILA,29,23
HUILA,30,5
HUILA,31,273
HUILA,32,209
HUILA,33,607
HUILA,35,102
HUILA,36,262
HUILA,37,21
HUILA,38,215
HUILA,39,56
HUILA,41,789
HUILA,42,1675
HUILA,43,1103
HUILA,45,3412
HUILA,46,4083
HUILA,47,21821
HUILA,49,935
HUILA,50,25
HUILA,51,11
HUILA,52,604
HUILA,53,224
HUILA,55,1110
HUILA,56,7548
HUILA,58,58
HUILA,59,54
HUILA,60,61
HUILA,61,679
HUILA,62,352
HUILA,63,52
HUILA,64,153
HUILA,65,82
HUILA,66,660
HUILA,68,754
HUILA,69,545
HUILA,70,757
HUILA,71,1142
HUILA,72,48
HUILA,73,743
HUILA,74,298
HUILA,75,157
HUILA,77,303
HUILA,78,87
HUILA,79,461
HUILA,80,192
HUILA,81,314
HUILA,82,1503
HUILA,84,101
HUILA,85,569
HUILA,86,1021
HUILA,87,68
HUILA,88,109
HUILA,90,246
HUILA,91,25
HUILA,92,360
HUILA,93,946
HUILA,94,7545
HUILA,95,597
HUILA,96,2079
HUILA,97,4
HUILA,99,2914
HUILA,na,73
IBAGUE,01,785
IBAGUE,02,68
IBAGUE,03,31
IBAGUE,07,34
IBAGUE,08,90
IBAGUE,09,18
IBAGUE,10,1384
IBAGUE,11,82
IBAGUE,13,184
IBAGUE,14,1114
IBAGUE,15,133
IBAGUE,16,167
IBAGUE,17,14
IBAGUE,18,171
IBAGUE,19,9
IBAGUE,20,185
IBAGUE,21,20
IBAGUE,22,35
IBAGUE,23,126
IBAGUE,24,26
IBAGUE,25,374
IBAGUE,26,13
IBAGUE,27,25
IBAGUE,28,70
IBAGUE,29,47
IBAGUE,30,1
IBAGUE,31,287
IBAGUE,32,224
IBAGUE,33,471
IBAGUE,35,109
IBAGUE,36,44
IBAGUE,37,9
IBAGUE,38,180
IBAGUE,39,31
IBAGUE,41,1086
IBAGUE,42,1089
IBAGUE,43,1080
IBAGUE,45,2882
IBAGUE,46,2753
IBAGUE,47,18086
IBAGUE,49,738
IBAGUE,50,29
IBAGUE,51,3
IBAGUE,52,543
IBAGUE,53,310
IBAGUE,55,604
IBAGUE,56,7363
IBAGUE,58,75
IBAGUE,59,102
IBAGUE,60,45
IBAGUE,61,434
IBAGUE,62,396
IBAGUE,63,127
IBAGUE,64,162
IBAGUE,65,247
IBAGUE,66,608
IBAGUE,68,1061
IBAGUE,69,498
IBAGUE,70,886
IBAGUE,71,777
IBAGUE,72,45
IBAGUE,73,895
IBAGUE,74,293
IBAGUE,75,95
IBAGUE,77,291
IBAGUE,78,87
IBAGUE,79,493
IBAGUE,80,250
IBAGUE,81,414
IBAGUE,82,1673
IBAGUE,84,29
IBAGUE,85,389
IBAGUE,86,1083
IBAGUE,87,71
IBAGUE,88,26
IBAGUE,90,219
IBAGUE,91,13
IBAGUE,92,249
IBAGUE,93,626
IBAGUE,94,4568
IBAGUE,95,604
IBAGUE,96,2662
IBAGUE,97,4
IBAGUE,98,1
IBAGUE,99,2990
IBAGUE,na,172
IPIALES,01,249
IPIALES,02,1
IPIALES,03,3
IPIALES,08,12
IPIALES,10,364
IPIALES,11,72
IPIALES,12,27
IPIALES,13,67
IPIALES,14,149
IPIALES,15,13
IPIALES,16,62
IPIALES,17,2
IPIALES,18,34
IPIALES,19,3
IPIALES,20,24
IPIALES,21,2
IPIALES,22,10
IPIALES,23,15
IPIALES,24,5
IPIALES,25,80
IPIALES,26,2
IPIALES,27,3
IPIALES,28,3
IPIALES,29,8
IPIALES,31,33
IPIALES,32,30
IPIALES,33,43
IPIALES,35,2
IPIALES,36,19
IPIALES,38,23
IPIALES,39,5
IPIALES,41,115
IPIALES,42,78
IPIALES,43,93
IPIALES,45,584
IPIALES,46,1262
IPIALES,47,4188
IPIALES,49,206
IPIALES,50,9
IPIALES,51,5
IPIALES,52,251
IPIALES,53,51
IPIALES,55,207
IPIALES,56,1156
IPIALES,58,4
IPIALES,59,6
IPIALES,60,11
IPIALES,61,119
IPIALES,62,41
IPIALES,63,7
IPIALES,64,44
IPIALES,65,25
IPIALES,66,260
IPIALES,68,82
IPIALES,69,50
IPIALES,70,160
IPIALES,71,101
IPIALES,72,11
IPIALES,73,88
IPIALES,74,57
IPIALES,75,22
IPIALES,77,38
IPIALES,78,1
IPIALES,79,96
IPIALES,80,33
IPIALES,81,28
IPIALES,82,96
IPIALES,84,14
IPIALES,85,104
IPIALES,86,255
IPIALES,87,5
IPIALES,88,14
IPIALES,90,93
IPIALES,91,6
IPIALES,92,35
IPIALES,93,148
IPIALES,94,1803
IPIALES,95,64
IPIALES,96,343
IPIALES,99,606
IPIALES,A0,3
IPIALES,D1,1
IPIALES,D2,1
IPIALES,F4,1
IPIALES,G5,7
IPIALES,H5,2
IPIALES,I6,4
IPIALES,K7,2
IPIALES,na,34
LA DORADA,01,258
LA DORADA,02,18
LA DORADA,03,25
LA DORADA,05,1
LA DORADA,06,1
LA DORADA,07,13
LA DORADA,08,45
LA DORADA,09,8
LA DORADA,10,242
LA DORADA,11,35
LA DORADA,13,10
LA DORADA,14,63
LA DORADA,15,24
LA DORADA,16,39
LA DORADA,17,1
LA DORADA,18,18
LA DORADA,19,1
LA DORADA,20,18
LA DORADA,21,1
LA DORADA,22,4
LA DORADA,23,16
LA DORADA,24,1
LA DORADA,25,106
LA DORADA,26,1
LA DORADA,27,5
LA DORADA,28,2
LA DORADA,29,1
LA DORADA,30,1
LA DORADA,31,48
LA DORADA,32,34
LA DORADA,33,139
LA DORADA,35,21
LA DORADA,36,16
LA DORADA,37,5
LA DORADA,38,75
LA DORADA,39,20
LA DORADA,41,151
LA DORADA,42,342
LA DORADA,43,190
LA DORADA,45,615
LA DORADA,46,388
LA DORADA,47,4244
LA DORADA,49,291
LA DORADA,50,31
LA DORADA,51,1
LA DORADA,52,65
LA DORADA,53,24
LA DORADA,55,367
LA DORADA,56,1964
LA DORADA,58,3
LA DORADA,59,17
LA DORADA,60,18
LA DORADA,61,99
LA DORADA,62,27
LA DORADA,63,13
LA DORADA,64,13
LA DORADA,65,10
LA DORADA,66,60
LA DORADA,68,76
LA DORADA,69,41
LA DORADA,70,74
LA DORADA,71,102
LA DORADA,72,5
LA DORADA,73,76
LA DORADA,74,43
LA DORADA,75,9
LA DORADA,77,122
LA DORADA,78,16
LA DORADA,79,124
LA DORADA,80,23
LA DORADA,81,52
LA DORADA,82,157
LA DORADA,84,43
LA DORADA,85,58
LA DORADA,86,117
LA DORADA,87,10
LA DORADA,88,22
LA DORADA,90,30
LA DORADA,91,3
LA DORADA,92,135
LA DORADA,93,166
LA DORADA,94,1357
LA DORADA,95,109
LA DORADA,96,461
LA DORADA,99,354
LA DORADA,na,9
LA GUAJIRA,01,736
LA GUAJIRA,02,33
LA GUAJIRA,03,220
LA GUAJIRA,05,4
LA GUAJIRA,07,14
LA GUAJIRA,08,83
LA GUAJIRA,09,19
LA GUAJIRA,10,778
LA GUAJIRA,11,82
LA GUAJIRA,13,201
LA GUAJIRA,14,304
LA GUAJIRA,15,20
LA GUAJIRA,16,111
LA GUAJIRA,17,6
LA GUAJIRA,18,46
LA GUAJIRA,19,1
LA GUAJIRA,20,69
LA GUAJIRA,21,6
LA GUAJIRA,22,17
LA GUAJIRA,23,90
LA GUAJIRA,24,21
LA GUAJIRA,25,195
LA GUAJIRA,26,8
LA GUAJIRA,27,3
LA GUAJIRA,28,20
LA GUAJIRA,29,3
LA GUAJIRA,30,9
LA GUAJIRA,31,84
LA GUAJIRA,32,59
LA GUAJIRA,33,245
LA GUAJIRA,35,89
LA GUAJIRA,36,165
LA GUAJIRA,37,4
LA GUAJIRA,38,177
LA GUAJIRA,39,62
LA GUAJIRA,41,476
LA GUAJIRA,42,692
LA GUAJIRA,43,579
LA GUAJIRA,45,1308
LA GUAJIRA,46,1898
LA GUAJIRA,47,9503
LA GUAJIRA,49,875
LA GUAJIRA,50,30
LA GUAJIRA,51,2
LA GUAJIRA,52,143
LA GUAJIRA,53,211
LA GUAJIRA,55,823
LA GUAJIRA,56,2665
LA GUAJIRA,58,34
LA GUAJIRA,59,48
LA GUAJIRA,60,43
LA GUAJIRA,61,283
LA GUAJIRA,62,113
LA GUAJIRA,63,46
LA GUAJIRA,64,96
LA GUAJIRA,65,40
LA GUAJIRA,66,118
LA GUAJIRA,68,356
LA GUAJIRA,69,268
LA GUAJIRA,70,463
LA GUAJIRA,71,635
LA GUAJIRA,72,44
LA GUAJIRA,73,299
LA GUAJIRA,74,166
LA GUAJIRA,75,43
LA GUAJIRA,77,209
LA GUAJIRA,78,125
LA GUAJIRA,79,448
LA GUAJIRA,80,95
LA GUAJIRA,81,133
LA GUAJIRA,82,609
LA GUAJIRA,84,211
LA GUAJIRA,85,610
LA GUAJIRA,86,898
LA GUAJIRA,87,26
LA GUAJIRA,88,63
LA GUAJIRA,90,163
LA GUAJIRA,91,13
LA GUAJIRA,92,470
LA GUAJIRA,93,326
LA GUAJIRA,94,5965
LA GUAJIRA,95,185
LA GUAJIRA,96,605
LA GUAJIRA,97,2
LA GUAJIRA,99,1648
LA GUAJIRA,na,58
MAGANGUE,01,459
MAGANGUE,02,21
MAGANGUE,03,40
MAGANGUE,06,1
MAGANGUE,07,56
MAGANGUE,08,17
MAGANGUE,09,10
MAGANGUE,10,312
MAGANGUE,11,46
MAGANGUE,13,10
MAGANGUE,14,54
MAGANGUE,15,4
MAGANGUE,16,46
MAGANGUE,17,2
MAGANGUE,18,22
MAGANGUE,20,21
MAGANGUE,21,1
MAGANGUE,22,3
MAGANGUE,23,24
MAGANGUE,24,14
MAGANGUE,25,55
MAGANGUE,26,3
MAGANGUE,27,4
MAGANGUE,28,9
MAGANGUE,29,1
MAGANGUE,30,4
MAGANGUE,31,30
MAGANGUE,32,74
MAGANGUE,33,67
MAGANGUE,35,17
MAGANGUE,36,66
MAGANGUE,37,7
MAGANGUE,38,70
MAGANGUE,39,31
MAGANGUE,41,90
MAGANGUE,42,322
MAGANGUE,43,249
MAGANGUE,45,338
MAGANGUE,46,658
MAGANGUE,47,3755
MAGANGUE,49,163
MAGANGUE,50,86
MAGANGUE,52,39
MAGANGUE,53,46
MAGANGUE,55,262
MAGANGUE,56,1239
MAGANGUE,58,15
MAGANGUE,59,9
MAGANGUE,60,16
MAGANGUE,61,196
MAGANGUE,62,30
MAGANGUE,63,12
MAGANGUE,64,25
MAGANGUE,65,6
MAGANGUE,66,38
MAGANGUE,68,80
MAGANGUE,69,70
MAGANGUE,70,104
MAGANGUE,71,99
MAGANGUE,72,10
MAGANGUE,73,51
MAGANGUE,74,26
MAGANGUE,75,12
MAGANGUE,77,50
MAGANGUE,78,33
MAGANGUE,79,37
MAGANGUE,80,23
MAGANGUE,81,42
MAGANGUE,82,269
MAGANGUE,84,225
MAGANGUE,85,74
MAGANGUE,86,346
MAGANGUE,87,7
MAGANGUE,88,5
MAGANGUE,90,29
MAGANGUE,91,2
MAGANGUE,92,62
MAGANGUE,93,84
MAGANGUE,94,4081
MAGANGUE,95,61
MAGANGUE,96,221
MAGANGUE,99,1257
MAGANGUE,na,145
MAGDALENA MEDIO,01,457
MAGDALENA MEDIO,02,60
MAGDALENA MEDIO,03,27
MAGDALENA MEDIO,06,1
MAGDALENA MEDIO,07,1111
MAGDALENA MEDIO,08,62
MAGDALENA MEDIO,09,409
MAGDALENA MEDIO,10,443
MAGDALENA MEDIO,11,35
MAGDALENA MEDIO,13,19
MAGDALENA MEDIO,14,71
MAGDALENA MEDIO,15,15
MAGDALENA MEDIO,16,109
MAGDALENA MEDIO,17,2
MAGDALENA MEDIO,18,10
MAGDALENA MEDIO,20,25
MAGDALENA MEDIO,21,2
MAGDALENA MEDIO,23,38
MAGDALENA MEDIO,24,68
MAGDALENA MEDIO,25,121
MAGDALENA MEDIO,26,2
MAGDALENA MEDIO,28,9
MAGDALENA MEDIO,29,1
MAGDALENA MEDIO,30,2
MAGDALENA MEDIO,31,38
MAGDALENA MEDIO,32,72
MAGDALENA MEDIO,33,178
MAGDALENA MEDIO,35,13
MAGDALENA MEDIO,36,51
MAGDALENA MEDIO,37,7
MAGDALENA MEDIO,38,59
MAGDALENA MEDIO,39,54
MAGDALENA MEDIO,41,85
MAGDALENA MEDIO,42,412
MAGDALENA MEDIO,43,194
MAGDALENA MEDIO,45,648
MAGDALENA MEDIO,46,717
MAGDALENA MEDIO,47,5842
MAGDALENA MEDIO,49,280
MAGDALENA MEDIO,50,17
MAGDALENA MEDIO,51,1
MAGDALENA MEDIO,52,89
MAGDALENA MEDIO,53,56
MAGDALENA MEDIO,55,456
MAGDALENA MEDIO,56,2347
MAGDALENA MEDIO,58,7
MAGDALENA MEDIO,59,14
MAGDALENA MEDIO,60,23
MAGDALENA MEDIO,61,169
MAGDALENA MEDIO,62,37
MAGDALENA MEDIO,63,3
MAGDALENA MEDIO,64,27
MAGDALENA MEDIO,65,5
MAGDALENA MEDIO,66,21
MAGDALENA MEDIO,68,102
MAGDALENA MEDIO,69,29
MAGDALENA MEDIO,70,83
MAGDALENA MEDIO,71,66
MAGDALENA MEDIO,72,4
MAGDALENA MEDIO,73,36
MAGDALENA MEDIO,74,62
MAGDALENA MEDIO,75,19
MAGDALENA MEDIO,77,116
MAGDALENA MEDIO,78,14
MAGDALENA MEDIO,79,102
MAGDALENA MEDIO,80,15
MAGDALENA MEDIO,81,37
MAGDALENA MEDIO,82,320
MAGDALENA MEDIO,84,22
MAGDALENA MEDIO,85,59
MAGDALENA MEDIO,86,118
MAGDALENA MEDIO,87,6
MAGDALENA MEDIO,88,4
MAGDALENA MEDIO,90,23
MAGDALENA MEDIO,91,2
MAGDALENA MEDIO,92,137
MAGDALENA MEDIO,93,107
MAGDALENA MEDIO,94,1445
MAGDALENA MEDIO,95,108
MAGDALENA MEDIO,96,1010
MAGDALENA MEDIO,99,379
MAGDALENA MEDIO,na,5
MANIZALES,01,866
MANIZALES,02,47
MANIZALES,03,20
MANIZALES,05,4
MANIZALES,07,201
MANIZALES,08,61
MANIZALES,09,41
MANIZALES,10,1169
MANIZALES,11,35
MANIZALES,12,5
MANIZALES,13,87
MANIZALES,14,462
MANIZALES,15,74
MANIZALES,16,188
MANIZALES,17,25
MANIZALES,18,115
MANIZALES,19,5
MANIZALES,20,112
MANIZALES,21,17
MANIZALES,22,81
MANIZALES,23,75
MANIZALES,24,54
MANIZALES,25,315
MANIZALES,26,23
MANIZALES,27,36
MANIZALES,28,82
MANIZALES,29,24
MANIZALES,30,4
MANIZALES,31,171
MANIZALES,32,154
MANIZALES,33,415
MANIZALES,35,101
MANIZALES,36,41
MANIZALES,37,4
MANIZALES,38,144
MANIZALES,39,34
MANIZALES,41,811
MANIZALES,42,649
MANIZALES,43,922
MANIZALES,45,1605
MANIZALES,46,1556
MANIZALES,47,13097
MANIZALES,49,569
MANIZALES,50,8
MANIZALES,51,4
MANIZALES,52,367
MANIZALES,53,145
MANIZALES,55,644
MANIZALES,56,4574
MANIZALES,58,86
MANIZALES,59,60
MANIZALES,60,35
MANIZALES,61,255
MANIZALES,62,522
MANIZALES,63,88
MANIZALES,64,187
MANIZALES,65,52
MANIZALES,66,806
MANIZALES,68,1230
MANIZALES,69,478
MANIZALES,70,754
MANIZALES,71,666
MANIZALES,72,70
MANIZALES,73,709
MANIZALES,74,252
MANIZALES,75,79
MANIZALES,77,159
MANIZALES,78,55
MANIZALES,79,372
MANIZALES,80,79
MANIZALES,81,216
MANIZALES,82,1001
MANIZALES,84,44
MANIZALES,85,355
MANIZALES,86,529
MANIZALES,87,58
MANIZALES,88,66
MANIZALES,90,226
MANIZALES,91,17
MANIZALES,92,370
MANIZALES,93,458
MANIZALES,94,2390
MANIZALES,95,426
MANIZALES,96,1489
MANIZALES,97,2
MANIZALES,99,2066
MANIZALES,na,2
MEDELLIN PARA ANTIOQUIA,00,254
MEDELLIN PARA ANTIOQUIA,01,5865
MEDELLIN PARA ANTIOQUIA,02,335
MEDELLIN PARA ANTIOQUIA,03,147
MEDELLIN PARA ANTIOQUIA,05,165
MEDELLIN PARA ANTIOQUIA,06,1
MEDELLIN PARA ANTIOQUIA,07,966
MEDELLIN PARA ANTIOQUIA,08,297
MEDELLIN PARA ANTIOQUIA,09,243
MEDELLIN PARA ANTIOQUIA,10,7367
MEDELLIN PARA ANTIOQUIA,11,377
MEDELLIN PARA ANTIOQUIA,12,5
MEDELLIN PARA ANTIOQUIA,13,1615
MEDELLIN PARA ANTIOQUIA,14,6482
MEDELLIN PARA ANTIOQUIA,15,982
MEDELLIN PARA ANTIOQUIA,16,1106
MEDELLIN PARA ANTIOQUIA,17,247
MEDELLIN PARA ANTIOQUIA,18,1691
MEDELLIN PARA ANTIOQUIA,19,140
MEDELLIN PARA ANTIOQUIA,20,1036
MEDELLIN PARA ANTIOQUIA,21,165
MEDELLIN PARA ANTIOQUIA,22,947
MEDELLIN PARA ANTIOQUIA,23,481
MEDELLIN PARA ANTIOQUIA,24,312
MEDELLIN PARA ANTIOQUIA,25,1983
MEDELLIN PARA ANTIOQUIA,26,164
MEDELLIN PARA ANTIOQUIA,27,218
MEDELLIN PARA ANTIOQUIA,28,548
MEDELLIN PARA ANTIOQUIA,29,249
MEDELLIN PARA ANTIOQUIA,30,61
MEDELLIN PARA ANTIOQUIA,31,1334
MEDELLIN PARA ANTIOQUIA,32,1535
MEDELLIN PARA ANTIOQUIA,33,2282
MEDELLIN PARA ANTIOQUIA,34,9
MEDELLIN PARA ANTIOQUIA,35,500
MEDELLIN PARA ANTIOQUIA,36,563
MEDELLIN PARA ANTIOQUIA,37,59
MEDELLIN PARA ANTIOQUIA,38,794
MEDELLIN PARA ANTIOQUIA,39,141
MEDELLIN PARA ANTIOQUIA,40,5
MEDELLIN PARA ANTIOQUIA,41,5095
MEDELLIN PARA ANTIOQUIA,42,4053
MEDELLIN PARA ANTIOQUIA,43,7149
MEDELLIN PARA ANTIOQUIA,45,9170
MEDELLIN PARA ANTIOQUIA,46,14755
MEDELLIN PARA ANTIOQUIA,47,57951
MEDELLIN PARA ANTIOQUIA,49,3394
MEDELLIN PARA ANTIOQUIA,50,358
MEDELLIN PARA ANTIOQUIA,51,1410
MEDELLIN PARA ANTIOQUIA,52,3134
MEDELLIN PARA ANTIOQUIA,53,901
MEDELLIN PARA ANTIOQUIA,55,4208
MEDELLIN PARA ANTIOQUIA,56,22940
MEDELLIN PARA ANTIOQUIA,58,493
MEDELLIN PARA ANTIOQUIA,59,773
MEDELLIN PARA ANTIOQUIA,60,306
MEDELLIN PARA ANTIOQUIA,61,1039
MEDELLIN PARA ANTIOQUIA,62,4988
MEDELLIN PARA ANTIOQUIA,63,1077
MEDELLIN PARA ANTIOQUIA,64,1426
MEDELLIN PARA ANTIOQUIA,65,348
MEDELLIN PARA ANTIOQUIA,66,2325
MEDELLIN PARA ANTIOQUIA,67,195
MEDELLIN PARA ANTIOQUIA,68,15270
MEDELLIN PARA ANTIOQUIA,69,3495
MEDELLIN PARA ANTIOQUIA,70,9016
MEDELLIN PARA ANTIOQUIA,71,3486
MEDELLIN PARA ANTIOQUIA,72,533
MEDELLIN PARA ANTIOQUIA,73,3056
MEDELLIN PARA ANTIOQUIA,74,4749
MEDELLIN PARA ANTIOQUIA,75,566
MEDELLIN PARA ANTIOQUIA,77,1509
MEDELLIN PARA ANTIOQUIA,78,411
MEDELLIN PARA ANTIOQUIA,79,2929
MEDELLIN PARA ANTIOQUIA,80,572
MEDELLIN PARA ANTIOQUIA,81,1163
MEDELLIN PARA ANTIOQUIA,82,5302
MEDELLIN PARA ANTIOQUIA,84,201
MEDELLIN PARA ANTIOQUIA,85,2918
MEDELLIN PARA ANTIOQUIA,86,4439
MEDELLIN PARA ANTIOQUIA,87,332
MEDELLIN PARA ANTIOQUIA,88,346
MEDELLIN PARA ANTIOQUIA,90,2067
MEDELLIN PARA ANTIOQUIA,91,135
MEDELLIN PARA ANTIOQUIA,92,1402
MEDELLIN PARA ANTIOQUIA,93,1605
MEDELLIN PARA ANTIOQUIA,94,9052
MEDELLIN PARA ANTIOQUIA,95,1677
MEDELLIN PARA ANTIOQUIA,96,7975
MEDELLIN PARA ANTIOQUIA,97,26
MEDELLIN PARA ANTIOQUIA,98,23
MEDELLIN PARA ANTIOQUIA,99,25458
MEDELLIN PARA ANTIOQUIA,A0,439
MEDELLIN PARA ANTIOQUIA,B0,22
MEDELLIN PARA ANTIOQUIA,C1,226
MEDELLIN PARA ANTIOQUIA,D1,1024
MEDELLIN PARA ANTIOQUIA,D2,652
MEDELLIN PARA ANTIOQUIA,D3,271
MEDELLIN PARA ANTIOQUIA,E4,44
MEDELLIN PARA ANTIOQUIA,F4,803
MEDELLIN PARA ANTIOQUIA,G5,3712
MEDELLIN PARA ANTIOQUIA,H5,324
MEDELLIN PARA ANTIOQUIA,I6,766
MEDELLIN PARA ANTIOQUIA,J6,855
MEDELLIN PARA ANTIOQUIA,K7,3000
MEDELLIN PARA ANTIOQUIA,L7,93
MEDELLIN PARA ANTIOQUIA,M8,154
MEDELLIN PARA ANTIOQUIA,N8,270
MEDELLIN PARA ANTIOQUIA,O9,3437
MEDELLIN PARA ANTIOQUIA,P9,1
MEDELLIN PARA ANTIOQUIA,Q9,1
MEDELLIN PARA ANTIOQUIA,Z9,245
MEDELLIN PARA ANTIOQUIA,na,16794
MONTERIA,01,1664
MONTERIA,02,160
MONTERIA,03,153
MONTERIA,05,24
MONTERIA,07,31
MONTERIA,08,95
MONTERIA,09,17
MONTERIA,10,1031
MONTERIA,11,150
MONTERIA,13,95
MONTERIA,14,469
MONTERIA,15,141
MONTERIA,16,248
MONTERIA,17,8
MONTERIA,18,127
MONTERIA,19,1
MONTERIA,20,104
MONTERIA,21,18
MONTERIA,22,16
MONTERIA,23,126
MONTERIA,24,33
MONTERIA,25,284
MONTERIA,26,13
MONTERIA,27,16
MONTERIA,28,19
MONTERIA,29,17
MONTERIA,30,7
MONTERIA,31,196
MONTERIA,32,136
MONTERIA,33,408
MONTERIA,35,138
MONTERIA,36,171
MONTERIA,37,5
MONTERIA,38,182
MONTERIA,39,46
MONTERIA,41,1023
MONTERIA,42,1334
MONTERIA,43,942
MONTERIA,45,1993
MONTERIA,46,3217
MONTERIA,47,13832
MONTERIA,49,685
MONTERIA,50,27
MONTERIA,51,2
MONTERIA,52,247
MONTERIA,53,166
MONTERIA,55,751
MONTERIA,56,4238
MONTERIA,58,71
MONTERIA,59,59
MONTERIA,60,42
MONTERIA,61,503
MONTERIA,62,280
MONTERIA,63,95
MONTERIA,64,141
MONTERIA,65,49
MONTERIA,66,648
MONTERIA,68,799
MONTERIA,69,592
MONTERIA,70,707
MONTERIA,71,681
MONTERIA,72,32
MONTERIA,73,408
MONTERIA,74,198
MONTERIA,75,77
MONTERIA,77,241
MONTERIA,78,130
MONTERIA,79,168
MONTERIA,80,112
MONTERIA,81,217
MONTERIA,82,1035
MONTERIA,84,92
MONTERIA,85,462
MONTERIA,86,1878
MONTERIA,87,31
MONTERIA,88,24
MONTERIA,90,143
MONTERIA,91,9
MONTERIA,92,210
MONTERIA,93,513
MONTERIA,94,8635
MONTERIA,95,326
MONTERIA,96,864
MONTERIA,97,1
MONTERIA,98,1
MONTERIA,99,3364
MONTERIA,na,18
OCANA,01,267
OCANA,02,1
OCANA,03,8
OCANA,05,5
OCANA,07,2
OCANA,08,18
OCANA,09,6
OCANA,10,365
OCANA,11,16
OCANA,13,22
OCANA,14,122
OCANA,15,10
OCANA,16,46
OCANA,17,2
OCANA,18,15
OCANA,20,28
OCANA,21,1
OCANA,22,6
OCANA,23,26
OCANA,24,9
OCANA,25,77
OCANA,26,1
OCANA,27,3
OCANA,28,2
OCANA,29,6
OCANA,31,24
OCANA,32,39
OCANA,33,36
OCANA,35,22
OCANA,36,29
OCANA,37,3
OCANA,38,19
OCANA,39,11
OCANA,41,101
OCANA,42,214
OCANA,43,86
OCANA,45,591
OCANA,46,459
OCANA,47,3853
OCANA,49,262
OCANA,51,4
OCANA,52,75
OCANA,53,50
OCANA,55,141
OCANA,56,877
OCANA,58,10
OCANA,59,12
OCANA,60,14
OCANA,61,95
OCANA,62,25
OCANA,63,7
OCANA,64,19
OCANA,65,21
OCANA,66,45
OCANA,68,112
OCANA,69,35
OCANA,70,40
OCANA,71,114
OCANA,72,5
OCANA,73,103
OCANA,74,36
OCANA,75,5
OCANA,77,36
OCANA,78,10
OCANA,79,28
OCANA,80,19
OCANA,81,35
OCANA,82,150
OCANA,84,5
OCANA,85,94
OCANA,86,150
OCANA,87,8
OCANA,88,8
OCANA,90,52
OCANA,91,6
OCANA,92,27
OCANA,93,148
OCANA,94,1244
OCANA,95,61
OCANA,96,258
OCANA,99,310
OCANA,na,4
ORIENTE ANTIOQUENO,00,3
ORIENTE ANTIOQUENO,01,1504
ORIENTE ANTIOQUENO,02,75
ORIENTE ANTIOQUENO,03,33
ORIENTE ANTIOQUENO,05,1
ORIENTE ANTIOQUENO,07,32
ORIENTE ANTIOQUENO,08,44
ORIENTE ANTIOQUENO,09,7
ORIENTE ANTIOQUENO,10,1393
ORIENTE ANTIOQUENO,11,77
ORIENTE ANTIOQUENO,13,164
ORIENTE ANTIOQUENO,14,723
ORIENTE ANTIOQUENO,15,55
ORIENTE ANTIOQUENO,16,354
ORIENTE ANTIOQUENO,17,30
ORIENTE ANTIOQUENO,18,75
ORIENTE ANTIOQUENO,19,3
ORIENTE ANTIOQUENO,20,168
ORIENTE ANTIOQUENO,21,44
ORIENTE ANTIOQUENO,22,77
ORIENTE ANTIOQUENO,23,159
ORIENTE ANTIOQUENO,24,55
ORIENTE ANTIOQUENO,25,318
ORIENTE ANTIOQUENO,26,15
ORIENTE ANTIOQUENO,27,18
ORIENTE ANTIOQUENO,28,48
ORIENTE ANTIOQUENO,29,34
ORIENTE ANTIOQUENO,30,18
ORIENTE ANTIOQUENO,31,232
ORIENTE ANTIOQUENO,32,168
ORIENTE ANTIOQUENO,33,233
ORIENTE ANTIOQUENO,35,117
ORIENTE ANTIOQUENO,36,207
ORIENTE ANTIOQUENO,37,10
ORIENTE ANTIOQUENO,38,110
ORIENTE ANTIOQUENO,39,48
ORIENTE ANTIOQUENO,41,804
ORIENTE ANTIOQUENO,42,848
ORIENTE ANTIOQUENO,43,714
ORIENTE ANTIOQUENO,45,1128
ORIENTE ANTIOQUENO,46,1997
ORIENTE ANTIOQUENO,47,9778
ORIENTE ANTIOQUENO,49,589
ORIENTE ANTIOQUENO,50,80
ORIENTE ANTIOQUENO,51,9
ORIENTE ANTIOQUENO,52,376
ORIENTE ANTIOQUENO,53,110
ORIENTE ANTIOQUENO,55,1062
ORIENTE ANTIOQUENO,56,4974
ORIENTE ANTIOQUENO,58,33
ORIENTE ANTIOQUENO,59,56
ORIENTE ANTIOQUENO,60,30
ORIENTE ANTIOQUENO,61,209
ORIENTE ANTIOQUENO,62,266
ORIENTE ANTIOQUENO,63,42
ORIENTE ANTIOQUENO,64,67
ORIENTE ANTIOQUENO,65,30
ORIENTE ANTIOQUENO,66,259
ORIENTE ANTIOQUENO,68,1351
ORIENTE ANTIOQUENO,69,199
ORIENTE ANTIOQUENO,70,666
ORIENTE ANTIOQUENO,71,459
ORIENTE ANTIOQUENO,72,51
ORIENTE ANTIOQUENO,73,240
ORIENTE ANTIOQUENO,74,285
ORIENTE ANTIOQUENO,75,81
ORIENTE ANTIOQUENO,77,236
ORIENTE ANTIOQUENO,78,33
ORIENTE ANTIOQUENO,79,400
ORIENTE ANTIOQUENO,80,44
ORIENTE ANTIOQUENO,81,222
ORIENTE ANTIOQUENO,82,600
ORIENTE ANTIOQUENO,84,34
ORIENTE ANTIOQUENO,85,379
ORIENTE ANTIOQUENO,86,415
ORIENTE ANTIOQUENO,87,39
ORIENTE ANTIOQUENO,88,41
ORIENTE ANTIOQUENO,90,184
ORIENTE ANTIOQUENO,91,19
ORIENTE ANTIOQUENO,92,159
ORIENTE ANTIOQUENO,93,386
ORIENTE ANTIOQUENO,94,2026
ORIENTE ANTIOQUENO,95,229
ORIENTE ANTIOQUENO,96,1260
ORIENTE ANTIOQUENO,97,1
ORIENTE ANTIOQUENO,98,2
ORIENTE ANTIOQUENO,99,616
ORIENTE ANTIOQUENO,na,12
PALMIRA,01,1027
PALMIRA,02,19
PALMIRA,03,15
PALMIRA,05,1
PALMIRA,07,2
PALMIRA,08,21
PALMIRA,10,947
PALMIRA,11,37
PALMIRA,12,6
PALMIRA,13,76
PALMIRA,14,374
PALMIRA,15,66
PALMIRA,16,111
PALMIRA,17,38
PALMIRA,18,74
PALMIRA,19,12
PALMIRA,20,190
PALMIRA,21,14
PALMIRA,22,109
PALMIRA,23,106
PALMIRA,24,80
PALMIRA,25,299
PALMIRA,26,15
PALMIRA,27,34
PALMIRA,28,88
PALMIRA,29,28
PALMIRA,30,8
PALMIRA,31,163
PALMIRA,32,153
PALMIRA,33,436
PALMIRA,35,36
PALMIRA,36,46
PALMIRA,37,7
PALMIRA,38,196
PALMIRA,39,23
PALMIRA,41,365
PALMIRA,42,275
PALMIRA,43,456
PALMIRA,45,1029
PALMIRA,46,1120
PALMIRA,47,7582
PALMIRA,49,577
PALMIRA,50,3
PALMIRA,51,69
PALMIRA,52,308
PALMIRA,53,74
PALMIRA,55,234
PALMIRA,56,2405
PALMIRA,58,18
PALMIRA,59,34
PALMIRA,60,18
PALMIRA,61,193
PALMIRA,62,173
PALMIRA,63,36
PALMIRA,64,129
PALMIRA,65,102
PALMIRA,66,256
PALMIRA,67,1
PALMIRA,68,511
PALMIRA,69,172
PALMIRA,70,404
PALMIRA,71,376
PALMIRA,72,24
PALMIRA,73,209
PALMIRA,74,166
PALMIRA,75,69
PALMIRA,77,146
PALMIRA,78,39
PALMIRA,79,284
PALMIRA,80,86
PALMIRA,81,166
PALMIRA,82,521
PALMIRA,84,38
PALMIRA,85,312
PALMIRA,86,477
PALMIRA,87,54
PALMIRA,88,27
PALMIRA,90,112
PALMIRA,91,7
PALMIRA,92,84
PALMIRA,93,266
PALMIRA,94,1592
PALMIRA,95,212
PALMIRA,96,863
PALMIRA,97,3
PALMIRA,98,1
PALMIRA,99,600
PALMIRA,A0,174
PALMIRA,B0,6
PALMIRA,D1,5
PALMIRA,D2,21
PALMIRA,D3,6
PALMIRA,F4,1
PALMIRA,G5,46
PALMIRA,H5,6
PALMIRA,I6,6
PALMIRA,J6,12
PALMIRA,K7,16
PALMIRA,M8,2
PALMIRA,N8,1
PALMIRA,O9,13
PALMIRA,na,93
PAMPLONA,01,192
PAMPLONA,02,25
PAMPLONA,03,18
PAMPLONA,05,53
PAMPLONA,08,20
PAMPLONA,09,2
PAMPLONA,10,261
PAMPLONA,11,13
PAMPLONA,13,11
PAMPLONA,14,57
PAMPLONA,15,12
PAMPLONA,16,28
PAMPLONA,18,7
PAMPLONA,20,8
PAMPLONA,22,1
PAMPLONA,23,3
PAMPLONA,24,16
PAMPLONA,25,20
PAMPLONA,26,1
PAMPLONA,28,2
PAMPLONA,31,6
PAMPLONA,32,22
PAMPLONA,33,17
PAMPLONA,35,14
PAMPLONA,36,16
PAMPLONA,38,10
PAMPLONA,39,3
PAMPLONA,41,100
PAMPLONA,42,77
PAMPLONA,43,40
PAMPLONA,45,166
PAMPLONA,46,184
PAMPLONA,47,2375
PAMPLONA,49,124
PAMPLONA,52,42
PAMPLONA,53,34
PAMPLONA,55,151
PAMPLONA,56,653
PAMPLONA,58,3
PAMPLONA,59,3
PAMPLONA,60,5
PAMPLONA,61,66
PAMPLONA,62,26
PAMPLONA,63,3
PAMPLONA,64,13
PAMPLONA,65,3
PAMPLONA,66,16
PAMPLONA,68,50
PAMPLONA,69,21
PAMPLONA,70,24
PAMPLONA,71,61
PAMPLONA,72,8
PAMPLONA,73,38
PAMPLONA,74,20
PAMPLONA,75,7
PAMPLONA,77,24
PAMPLONA,78,10
PAMPLONA,79,28
PAMPLONA,80,5
PAMPLONA,81,10
PAMPLONA,82,32
PAMPLONA,84,12
PAMPLONA,85,38
PAMPLONA,86,71
PAMPLONA,87,5
PAMPLONA,88,8
PAMPLONA,90,33
PAMPLONA,91,2
PAMPLONA,92,24
PAMPLONA,93,73
PAMPLONA,94,565
PAMPLONA,95,45
PAMPLONA,96,155
PAMPLONA,98,1
PAMPLONA,99,274
PAMPLONA,na,3
PASTO,01,850
PASTO,02,51
PASTO,03,49
PASTO,07,112
PASTO,08,85
PASTO,09,13
PASTO,10,1259
PASTO,11,98
PASTO,12,12
PASTO,13,211
PASTO,14,607
PASTO,15,310
PASTO,16,202
PASTO,17,5
PASTO,18,167
PASTO,19,3
PASTO,20,112
PASTO,21,12
PASTO,22,46
PASTO,23,102
PASTO,24,37
PASTO,25,295
PASTO,26,13
PASTO,27,10
PASTO,28,50
PASTO,29,59
PASTO,30,2
PASTO,31,168
PASTO,32,185
PASTO,33,306
PASTO,35,64
PASTO,36,343
PASTO,37,2
PASTO,38,75
PASTO,39,23
PASTO,41,788
PASTO,42,710
PASTO,43,566
PASTO,45,2280
PASTO,46,2585
PASTO,47,15645
PASTO,49,508
PASTO,50,14
PASTO,51,100
PASTO,52,384
PASTO,53,211
PASTO,55,641
PASTO,56,4713
PASTO,58,56
PASTO,59,56
PASTO,60,49
PASTO,61,422
PASTO,62,254
PASTO,63,41
PASTO,64,194
PASTO,65,65
PASTO,66,473
PASTO,67,4
PASTO,68,433
PASTO,69,349
PASTO,70,456
PASTO,71,598
PASTO,72,46
PASTO,73,489
PASTO,74,307
PASTO,75,87
PASTO,77,144
PASTO,78,39
PASTO,79,266
PASTO,80,245
PASTO,81,223
PASTO,82,729
PASTO,84,42
PASTO,85,516
PASTO,86,853
PASTO,87,21
PASTO,88,20
PASTO,90,421
PASTO,91,14
PASTO,92,135
PASTO,93,557
PASTO,94,5829
PASTO,95,347
PASTO,96,1550
PASTO,97,5
PASTO,99,1997
PASTO,A0,18
PASTO,B0,1
PASTO,D1,14
PASTO,D2,15
PASTO,D3,4
PASTO,F4,49
PASTO,G5,239
PASTO,H5,32
PASTO,I6,21
PASTO,J6,3
PASTO,K7,36
PASTO,L7,2
PASTO,M8,5
PASTO,N8,12
PASTO,O9,19
PASTO,na,446
PEREIRA,01,838
PEREIRA,02,18
PEREIRA,03,19
PEREIRA,05,5
PEREIRA,07,15
PEREIRA,08,43
PEREIRA,09,5
PEREIRA,10,1254
PEREIRA,11,64
PEREIRA,12,1
PEREIRA,13,130
PEREIRA,14,696
PEREIRA,15,69
PEREIRA,16,142
PEREIRA,17,14
PEREIRA,18,162
PEREIRA,19,5
PEREIRA,20,84
PEREIRA,21,22
PEREIRA,22,50
PEREIRA,23,51
PEREIRA,24,31
PEREIRA,25,286
PEREIRA,26,20
PEREIRA,27,35
PEREIRA,28,63
PEREIRA,29,40
PEREIRA,30,14
PEREIRA,31,241
PEREIRA,32,250
PEREIRA,33,294
PEREIRA,35,70
PEREIRA,36,80
PEREIRA,37,6
PEREIRA,38,172
PEREIRA,39,22
PEREIRA,41,1009
PEREIRA,42,628
PEREIRA,43,923
PEREIRA,45,1993
PEREIRA,46,2267
PEREIRA,47,14527
PEREIRA,49,444
PEREIRA,50,2
PEREIRA,51,8
PEREIRA,52,444
PEREIRA,53,102
PEREIRA,55,675
PEREIRA,56,4784
PEREIRA,58,65
PEREIRA,59,64
PEREIRA,60,27
PEREIRA,61,322
PEREIRA,62,499
PEREIRA,63,157
PEREIRA,64,120
PEREIRA,65,65
PEREIRA,66,616
PEREIRA,68,1719
PEREIRA,69,556
PEREIRA,70,818
PEREIRA,71,638
PEREIRA,72,33
PEREIRA,73,698
PEREIRA,74,291
PEREIRA,75,101
PEREIRA,77,255
PEREIRA,78,64
PEREIRA,79,521
PEREIRA,80,85
PEREIRA,81,225
PEREIRA,82,905
PEREIRA,84,30
PEREIRA,85,445
PEREIRA,86,796
PEREIRA,87,50
PEREIRA,88,37
PEREIRA,90,229
PEREIRA,91,7
PEREIRA,92,162
PEREIRA,93,362
PEREIRA,94,4023
PEREIRA,95,566
PEREIRA,96,2108
PEREIRA,97,1
PEREIRA,99,3513
PEREIRA,Z9,13
PEREIRA,na,172
PIEDEMONTE ARAUCANO,01,479
PIEDEMONTE ARAUCANO,02,13
PIEDEMONTE ARAUCANO,03,45
PIEDEMONTE ARAUCANO,08,13
PIEDEMONTE ARAUCANO,09,4
PIEDEMONTE ARAUCANO,10,447
PIEDEMONTE ARAUCANO,11,24
PIEDEMONTE ARAUCANO,12,7
PIEDEMONTE ARAUCANO,13,13
PIEDEMONTE ARAUCANO,14,99
PIEDEMONTE ARAUCANO,15,13
PIEDEMONTE ARAUCANO,16,30
PIEDEMONTE ARAUCANO,17,2
PIEDEMONTE ARAUCANO,18,17
PIEDEMONTE ARAUCANO,20,15
PIEDEMONTE ARAUCANO,22,5
PIEDEMONTE ARAUCANO,23,20
PIEDEMONTE ARAUCANO,24,9
PIEDEMONTE ARAUCANO,25,100
PIEDEMONTE ARAUCANO,26,2
PIEDEMONTE ARAUCANO,27,2
PIEDEMONTE ARAUCANO,28,6
PIEDEMONTE ARAUCANO,29,4
PIEDEMONTE ARAUCANO,31,26
PIEDEMONTE ARAUCANO,32,23
PIEDEMONTE ARAUCANO,33,71
PIEDEMONTE ARAUCANO,35,14
PIEDEMONTE ARAUCANO,36,21
PIEDEMONTE ARAUCANO,37,3
PIEDEMONTE ARAUCANO,38,28
PIEDEMONTE ARAUCANO,39,13
PIEDEMONTE ARAUCANO,41,129
PIEDEMONTE ARAUCANO,42,233
PIEDEMONTE ARAUCANO,43,114
PIEDEMONTE ARAUCANO,45,542
PIEDEMONTE ARAUCANO,46,571
PIEDEMONTE ARAUCANO,47,2869
PIEDEMONTE ARAUCANO,49,216
PIEDEMONTE ARAUCANO,50,3
PIEDEMONTE ARAUCANO,51,1
PIEDEMONTE ARAUCANO,52,17
PIEDEMONTE ARAUCANO,53,28
PIEDEMONTE ARAUCANO,55,89
PIEDEMONTE ARAUCANO,56,816
PIEDEMONTE ARAUCANO,58,5
PIEDEMONTE ARAUCANO,59,6
PIEDEMONTE ARAUCANO,60,14
PIEDEMONTE ARAUCANO,61,88
PIEDEMONTE ARAUCANO,62,20
PIEDEMONTE ARAUCANO,63,6
PIEDEMONTE ARAUCANO,64,12
PIEDEMONTE ARAUCANO,65,6
PIEDEMONTE ARAUCANO,66,30
PIEDEMONTE ARAUCANO,68,22
PIEDEMONTE ARAUCANO,69,48
PIEDEMONTE ARAUCANO,70,60
PIEDEMONTE ARAUCANO,71,137
PIEDEMONTE ARAUCANO,72,14
PIEDEMONTE ARAUCANO,73,72
PIEDEMONTE ARAUCANO,74,50
PIEDEMONTE ARAUCANO,75,34
PIEDEMONTE ARAUCANO,77,47
PIEDEMONTE ARAUCANO,78,10
PIEDEMONTE ARAUCANO,79,26
PIEDEMONTE ARAUCANO,80,13
PIEDEMONTE ARAUCANO,81,19
PIEDEMONTE ARAUCANO,82,108
PIEDEMONTE ARAUCANO,84,17
PIEDEMONTE ARAUCANO,85,101
PIEDEMONTE ARAUCANO,86,132
PIEDEMONTE ARAUCANO,87,9
PIEDEMONTE ARAUCANO,88,27
PIEDEMONTE ARAUCANO,90,33
PIEDEMONTE ARAUCANO,91,3
PIEDEMONTE ARAUCANO,92,13
PIEDEMONTE ARAUCANO,93,95
PIEDEMONTE ARAUCANO,94,745
PIEDEMONTE ARAUCANO,95,77
PIEDEMONTE ARAUCANO,96,216
PIEDEMONTE ARAUCANO,99,323
PIEDEMONTE ARAUCANO,na,4
PUTUMAYO,01,663
PUTUMAYO,02,61
PUTUMAYO,03,83
PUTUMAYO,05,1
PUTUMAYO,06,2
PUTUMAYO,07,5
PUTUMAYO,08,55
PUTUMAYO,09,33
PUTUMAYO,10,447
PUTUMAYO,11,96
PUTUMAYO,12,12
PUTUMAYO,13,93
PUTUMAYO,14,164
PUTUMAYO,15,17
PUTUMAYO,16,158
PUTUMAYO,17,1
PUTUMAYO,18,55
PUTUMAYO,20,86
PUTUMAYO,21,6
PUTUMAYO,22,14
PUTUMAYO,23,66
PUTUMAYO,24,8
PUTUMAYO,25,217
PUTUMAYO,26,1
PUTUMAYO,27,9
PUTUMAYO,28,18
PUTUMAYO,29,5
PUTUMAYO,30,21
PUTUMAYO,31,91
PUTUMAYO,32,63
PUTUMAYO,33,184
PUTUMAYO,35,44
PUTUMAYO,36,52
PUTUMAYO,37,11
PUTUMAYO,38,99
PUTUMAYO,39,100
PUTUMAYO,41,200
PUTUMAYO,42,739
PUTUMAYO,43,320
PUTUMAYO,45,936
PUTUMAYO,46,1242
PUTUMAYO,47,7330
PUTUMAYO,49,448
PUTUMAYO,50,115
PUTUMAYO,51,18
PUTUMAYO,52,83
PUTUMAYO,53,76
PUTUMAYO,55,513
PUTUMAYO,56,2807
PUTUMAYO,58,22
PUTUMAYO,59,25
PUTUMAYO,60,39
PUTUMAYO,61,265
PUTUMAYO,62,60
PUTUMAYO,63,25
PUTUMAYO,64,97
PUTUMAYO,65,26
PUTUMAYO,66,61
PUTUMAYO,67,2
PUTUMAYO,68,163
PUTUMAYO,69,141
PUTUMAYO,70,248
PUTUMAYO,71,314
PUTUMAYO,72,36
PUTUMAYO,73,207
PUTUMAYO,74,144
PUTUMAYO,75,41
PUTUMAYO,77,123
PUTUMAYO,78,29
PUTUMAYO,79,163
PUTUMAYO,80,44
PUTUMAYO,81,62
PUTUMAYO,82,235
PUTUMAYO,84,81
PUTUMAYO,85,271
PUTUMAYO,86,464
PUTUMAYO,87,14
PUTUMAYO,88,29
PUTUMAYO,90,107
PUTUMAYO,91,12
PUTUMAYO,92,82
PUTUMAYO,93,313
PUTUMAYO,94,2361
PUTUMAYO,95,147
PUTUMAYO,96,683
PUTUMAYO,98,1
PUTUMAYO,99,1458
PUTUMAYO,A0,1
PUTUMAYO,G5,5
PUTUMAYO,K7,1
PUTUMAYO,O9,1
PUTUMAYO,na,35
SAN ANDRES,01,80
SAN ANDRES,02,4
SAN ANDRES,03,42
SAN ANDRES,08,3
SAN ANDRES,10,263
SAN ANDRES,11,36
SAN ANDRES,13,17
SAN ANDRES,14,54
SAN ANDRES,15,2
SAN ANDRES,16,25
SAN ANDRES,17,2
SAN ANDRES,18,19
SAN ANDRES,20,11
SAN ANDRES,22,3
SAN ANDRES,23,20
SAN ANDRES,24,3
SAN ANDRES,25,32
SAN ANDRES,26,3
SAN ANDRES,27,2
SAN ANDRES,28,4
SAN ANDRES,29,3
SAN ANDRES,30,7
SAN ANDRES,31,13
SAN ANDRES,32,31
SAN ANDRES,33,68
SAN ANDRES,35,17
SAN ANDRES,36,50
SAN ANDRES,37,6
SAN ANDRES,38,25
SAN ANDRES,39,10
SAN ANDRES,41,130
SAN ANDRES,42,57
SAN ANDRES,43,265
SAN ANDRES,45,258
SAN ANDRES,46,633
SAN ANDRES,47,2519
SAN ANDRES,49,124
SAN ANDRES,50,79
SAN ANDRES,51,11
SAN ANDRES,52,91
SAN ANDRES,53,30
SAN ANDRES,55,1005
SAN ANDRES,56,1046
SAN ANDRES,58,13
SAN ANDRES,59,77
SAN ANDRES,60,15
SAN ANDRES,61,51
SAN ANDRES,62,43
SAN ANDRES,63,14
SAN ANDRES,64,7
SAN ANDRES,65,30
SAN ANDRES,66,33
SAN ANDRES,68,233
SAN ANDRES,69,76
SAN ANDRES,70,112
SAN ANDRES,71,87
SAN ANDRES,72,19
SAN ANDRES,73,80
SAN ANDRES,74,67
SAN ANDRES,75,4
SAN ANDRES,77,184
SAN ANDRES,78,14
SAN ANDRES,79,485
SAN ANDRES,80,11
SAN ANDRES,81,59
SAN ANDRES,82,137
SAN ANDRES,84,187
SAN ANDRES,85,88
SAN ANDRES,86,122
SAN ANDRES,87,5
SAN ANDRES,88,8
SAN ANDRES,90,100
SAN ANDRES,91,14
SAN ANDRES,92,60
SAN ANDRES,93,106
SAN ANDRES,94,481
SAN ANDRES,95,36
SAN ANDRES,96,250
SAN ANDRES,98,1
SAN ANDRES,99,620
SAN ANDRES,na,5
SAN JOSE,01,201
SAN JOSE,02,16
SAN JOSE,03,17
SAN JOSE,07,1
SAN JOSE,08,13
SAN JOSE,09,1
SAN JOSE,10,207
SAN JOSE,11,14
SAN JOSE,13,11
SAN JOSE,14,37
SAN JOSE,15,3
SAN JOSE,16,32
SAN JOSE,18,14
SAN JOSE,19,1
SAN JOSE,20,15
SAN JOSE,21,1
SAN JOSE,22,2
SAN JOSE,23,20
SAN JOSE,24,6
SAN JOSE,25,59
SAN JOSE,27,1
SAN JOSE,28,2
SAN JOSE,30,8
SAN JOSE,31,23
SAN JOSE,32,11
SAN JOSE,33,39
SAN JOSE,35,6
SAN JOSE,36,8
SAN JOSE,37,4
SAN JOSE,38,25
SAN JOSE,39,6
SAN JOSE,41,78
SAN JOSE,42,124
SAN JOSE,43,110
SAN JOSE,45,302
SAN JOSE,46,439
SAN JOSE,47,2687
SAN JOSE,49,144
SAN JOSE,50,60
SAN JOSE,51,8
SAN JOSE,52,10
SAN JOSE,53,16
SAN JOSE,55,142
SAN JOSE,56,813
SAN JOSE,58,2
SAN JOSE,59,5
SAN JOSE,60,10
SAN JOSE,61,63
SAN JOSE,62,21
SAN JOSE,63,5
SAN JOSE,64,12
SAN JOSE,65,3
SAN JOSE,66,8
SAN JOSE,68,42
SAN JOSE,69,30
SAN JOSE,70,63
SAN JOSE,71,86
SAN JOSE,72,9
SAN JOSE,73,57
SAN JOSE,74,38
SAN JOSE,75,25
SAN JOSE,77,26
SAN JOSE,78,1
SAN JOSE,79,102
SAN JOSE,80,4
SAN JOSE,81,21
SAN JOSE,82,77
SAN JOSE,84,6
SAN JOSE,85,44
SAN JOSE,86,103
SAN JOSE,87,7
SAN JOSE,88,13
SAN JOSE,90,24
SAN JOSE,91,6
SAN JOSE,92,36
SAN JOSE,93,58
SAN JOSE,94,741
SAN JOSE,95,41
SAN JOSE,96,163
SAN JOSE,99,259
SAN JOSE,na,1
SANTA MARTA PARA EL MAGDALENA,01,2059
SANTA MARTA PARA EL MAGDALENA,02,46
SANTA MARTA PARA EL MAGDALENA,03,89
SANTA MARTA PARA EL MAGDALENA,05,6
SANTA MARTA PARA EL MAGDALENA,06,1
SANTA MARTA PARA EL MAGDALENA,07,18
SANTA MARTA PARA EL MAGDALENA,08,96
SANTA MARTA PARA EL MAGDALENA,09,21
SANTA MARTA PARA EL MAGDALENA,10,1256
SANTA MARTA PARA EL MAGDALENA,11,233
SANTA MARTA PARA EL MAGDALENA,13,144
SANTA MARTA PARA EL MAGDALENA,14,489
SANTA MARTA PARA EL MAGDALENA,15,41
SANTA MARTA PARA EL MAGDALENA,16,239
SANTA MARTA PARA EL MAGDALENA,17,12
SANTA MARTA PARA EL MAGDALENA,18,91
SANTA MARTA PARA EL MAGDALENA,19,5
SANTA MARTA PARA EL MAGDALENA,20,122
SANTA MARTA PARA EL MAGDALENA,21,14
SANTA MARTA PARA EL MAGDALENA,22,31
SANTA MARTA PARA EL MAGDALENA,23,138
SANTA MARTA PARA EL MAGDALENA,24,20
SANTA MARTA PARA EL MAGDALENA,25,427
SANTA MARTA PARA EL MAGDALENA,26,15
SANTA MARTA PARA EL MAGDALENA,27,26
SANTA MARTA PARA EL MAGDALENA,28,39
SANTA MARTA PARA EL MAGDALENA,29,22
SANTA MARTA PARA EL MAGDALENA,30,24
SANTA MARTA PARA EL MAGDALENA,31,146
SANTA MARTA PARA EL MAGDALENA,32,145
SANTA MARTA PARA EL MAGDALENA,33,613
SANTA MARTA PARA EL MAGDALENA,35,73
SANTA MARTA PARA EL MAGDALENA,36,162
SANTA MARTA PARA EL MAGDALENA,37,15
SANTA MARTA PARA EL MAGDALENA,38,231
SANTA MARTA PARA EL MAGDALENA,39,41
SANTA MARTA PARA EL MAGDALENA,41,1299
SANTA MARTA PARA EL MAGDALENA,42,1049
SANTA MARTA PARA EL MAGDALENA,43,1616
SANTA MARTA PARA EL MAGDALENA,45,2193
SANTA MARTA PARA EL MAGDALENA,46,3581
SANTA MARTA PARA EL MAGDALENA,47,17251
SANTA MARTA PARA EL MAGDALENA,49,1633
SANTA MARTA PARA EL MAGDALENA,50,113
SANTA MARTA PARA EL MAGDALENA,51,5
SANTA MARTA PARA EL MAGDALENA,52,453
SANTA MARTA PARA EL MAGDALENA,53,293
SANTA MARTA PARA EL MAGDALENA,55,2863
SANTA MARTA PARA EL MAGDALENA,56,6395
SANTA MARTA PARA EL MAGDALENA,58,83
SANTA MARTA PARA EL MAGDALENA,59,89
SANTA MARTA PARA EL MAGDALENA,60,53
SANTA MARTA PARA EL MAGDALENA,61,616
SANTA MARTA PARA EL MAGDALENA,62,325
SANTA MARTA PARA EL MAGDALENA,63,85
SANTA MARTA PARA EL MAGDALENA,64,156
SANTA MARTA PARA EL MAGDALENA,65,85
SANTA MARTA PARA EL MAGDALENA,66,463
SANTA MARTA PARA EL MAGDALENA,68,1486
SANTA MARTA PARA EL MAGDALENA,69,728
SANTA MARTA PARA EL MAGDALENA,70,931
SANTA MARTA PARA EL MAGDALENA,71,805
SANTA MARTA PARA EL MAGDALENA,72,52
SANTA MARTA PARA EL MAGDALENA,73,639
SANTA MARTA PARA EL MAGDALENA,74,447
SANTA MARTA PARA EL MAGDALENA,75,74
SANTA MARTA PARA EL MAGDALENA,77,504
SANTA MARTA PARA EL MAGDALENA,78,178
SANTA MARTA PARA EL MAGDALENA,79,1270
SANTA MARTA PARA EL MAGDALENA,80,124
SANTA MARTA PARA EL MAGDALENA,81,320
SANTA MARTA PARA EL MAGDALENA,82,1202
SANTA MARTA PARA EL MAGDALENA,84,67
SANTA MARTA PARA EL MAGDALENA,85,763
SANTA MARTA PARA EL MAGDALENA,86,1381
SANTA MARTA PARA EL MAGDALENA,87,24
SANTA MARTA PARA EL MAGDALENA,88,40
SANTA MARTA PARA EL MAGDALENA,90,328
SANTA MARTA PARA EL MAGDALENA,91,18
SANTA MARTA PARA EL MAGDALENA,92,205
SANTA MARTA PARA EL MAGDALENA,93,645
SANTA MARTA PARA EL MAGDALENA,94,7485
SANTA MARTA PARA EL MAGDALENA,95,424
SANTA MARTA PARA EL MAGDALENA,96,1273
SANTA MARTA PARA EL MAGDALENA,97,2
SANTA MARTA PARA EL MAGDALENA,98,1
SANTA MARTA PARA EL MAGDALENA,99,2566
SANTA MARTA PARA EL MAGDALENA,na,21
SANTA ROSA DE CABAL,01,73
SANTA ROSA DE CABAL,02,2
SANTA ROSA DE CABAL,03,3
SANTA ROSA DE CABAL,05,1
SANTA ROSA DE CABAL,07,1
SANTA ROSA DE CABAL,08,8
SANTA ROSA DE CABAL,09,2
SANTA ROSA DE CABAL,10,257
SANTA ROSA DE CABAL,11,5
SANTA ROSA DE CABAL,13,20
SANTA ROSA DE CABAL,14,46
SANTA ROSA DE CABAL,15,12
SANTA ROSA DE CABAL,16,25
SANTA ROSA DE CABAL,18,8
SANTA ROSA DE CABAL,20,18
SANTA ROSA DE CABAL,21,4
SANTA ROSA DE CABAL,22,7
SANTA ROSA DE CABAL,23,4
SANTA ROSA DE CABAL,24,9
SANTA ROSA DE CABAL,25,44
SANTA ROSA DE CABAL,26,1
SANTA ROSA DE CABAL,27,3
SANTA ROSA DE CABAL,28,4
SANTA ROSA DE CABAL,29,2
SANTA ROSA DE CABAL,31,39
SANTA ROSA DE CABAL,32,20
SANTA ROSA DE CABAL,33,18
SANTA ROSA DE CABAL,35,6
SANTA ROSA DE CABAL,36,10
SANTA ROSA DE CABAL,38,24
SANTA ROSA DE CABAL,39,4
SANTA ROSA DE CABAL,41,82
SANTA ROSA DE CABAL,42,35
SANTA ROSA DE CABAL,43,54
SANTA ROSA DE CABAL,45,158
SANTA ROSA DE CABAL,46,148
SANTA ROSA DE CABAL,47,1366
SANTA ROSA DE CABAL,49,25
SANTA ROSA DE CABAL,52,66
SANTA ROSA DE CABAL,53,13
SANTA ROSA DE CABAL,55,252
SANTA ROSA DE CABAL,56,564
SANTA ROSA DE CABAL,58,3
SANTA ROSA DE CABAL,59,7
SANTA ROSA DE CABAL,60,2
SANTA ROSA DE CABAL,61,19
SANTA ROSA DE CABAL,62,24
SANTA ROSA DE CABAL,63,7
SANTA ROSA DE CABAL,64,14
SANTA ROSA DE CABAL,65,3
SANTA ROSA DE CABAL,66,25
SANTA ROSA DE CABAL,68,77
SANTA ROSA DE CABAL,69,11
SANTA ROSA DE CABAL,70,33
SANTA ROSA DE CABAL,71,40
SANTA ROSA DE CABAL,72,5
SANTA ROSA DE CABAL,73,27
SANTA ROSA DE CABAL,74,18
SANTA ROSA DE CABAL,75,6
SANTA ROSA DE CABAL,77,26
SANTA ROSA DE CABAL,79,58
SANTA ROSA DE CABAL,80,7
SANTA ROSA DE CABAL,81,11
SANTA ROSA DE CABAL,82,54
SANTA ROSA DE CABAL,84,3
SANTA ROSA DE CABAL,85,29
SANTA ROSA DE CABAL,86,29
SANTA ROSA DE CABAL,87,8
SANTA ROSA DE CABAL,88,6
SANTA ROSA DE CABAL,90,15
SANTA ROSA DE CABAL,91,2
SANTA ROSA DE CABAL,92,13
SANTA ROSA DE CABAL,93,78
SANTA ROSA DE CABAL,94,249
SANTA ROSA DE CABAL,95,37
SANTA ROSA DE CABAL,96,169
SANTA ROSA DE CABAL,99,173
SEVILLA,01,142
SEVILLA,02,5
SEVILLA,03,2
SEVILLA,10,105
SEVILLA,11,4
SEVILLA,13,25
SEVILLA,14,35
SEVILLA,15,9
SEVILLA,16,9
SEVILLA,18,9
SEVILLA,20,8
SEVILLA,21,2
SEVILLA,22,3
SEVILLA,23,7
SEVILLA,24,2
SEVILLA,25,15
SEVILLA,28,2
SEVILLA,29,2
SEVILLA,30,1
SEVILLA,31,6
SEVILLA,32,17
SEVILLA,33,19
SEVILLA,35,4
SEVILLA,36,19
SEVILLA,37,2
SEVILLA,38,7
SEVILLA,39,3
SEVILLA,41,27
SEVILLA,42,11
SEVILLA,43,25
SEVILLA,45,117
SEVILLA,46,94
SEVILLA,47,1174
SEVILLA,49,31
SEVILLA,50,1
SEVILLA,52,23
SEVILLA,53,14
SEVILLA,55,47
SEVILLA,56,393
SEVILLA,58,5
SEVILLA,59,4
SEVILLA,60,3
SEVILLA,61,21
SEVILLA,62,11
SEVILLA,63,1
SEVILLA,64,4
SEVILLA,65,16
SEVILLA,66,33
SEVILLA,68,24
SEVILLA,69,12
SEVILLA,70,18
SEVILLA,71,20
SEVILLA,72,3
SEVILLA,73,19
SEVILLA,74,10
SEVILLA,75,4
SEVILLA,77,6
SEVILLA,78,4
SEVILLA,79,32
SEVILLA,80,6
SEVILLA,81,3
SEVILLA,82,41
SEVILLA,84,10
SEVILLA,85,19
SEVILLA,86,30
SEVILLA,87,7
SEVILLA,88,4
SEVILLA,90,22
SEVILLA,92,24
SEVILLA,93,47
SEVILLA,94,227
SEVILLA,95,27
SEVILLA,96,140
SEVILLA,99,160
SEVILLA,D3,1
SEVILLA,G5,2
SEVILLA,O9,1
SEVILLA,na,1
SINCELEJO,01,687
SINCELEJO,02,22
SINCELEJO,03,39
SINCELEJO,05,1
SINCELEJO,07,1
SINCELEJO,08,39
SINCELEJO,09,7
SINCELEJO,10,558
SINCELEJO,11,74
SINCELEJO,12,4
SINCELEJO,13,40
SINCELEJO,14,250
SINCELEJO,15,78
SINCELEJO,16,102
SINCELEJO,17,3
SINCELEJO,18,81
SINCELEJO,19,1
SINCELEJO,20,72
SINCELEJO,21,11
SINCELEJO,22,10
SINCELEJO,23,87
SINCELEJO,24,11
SINCELEJO,25,204
SINCELEJO,26,2
SINCELEJO,27,2
SINCELEJO,28,10
SINCELEJO,29,2
SINCELEJO,30,10
SINCELEJO,31,171
SINCELEJO,32,80
SINCELEJO,33,240
SINCELEJO,35,45
SINCELEJO,36,71
SINCELEJO,37,4
SINCELEJO,38,129
SINCELEJO,39,13
SINCELEJO,41,273
SINCELEJO,42,686
SINCELEJO,43,623
SINCELEJO,45,1037
SINCELEJO,46,1456
SINCELEJO,47,9417
SINCELEJO,49,402
SINCELEJO,50,30
SINCELEJO,51,6
SINCELEJO,52,116
SINCELEJO,53,105
SINCELEJO,55,925
SINCELEJO,56,2773
SINCELEJO,58,28
SINCELEJO,59,44
SINCELEJO,60,24
SINCELEJO,61,219
SINCELEJO,62,131
SINCELEJO,63,33
SINCELEJO,64,92
SINCELEJO,65,81
SINCELEJO,66,232
SINCELEJO,68,546
SINCELEJO,69,266
SINCELEJO,70,496
SINCELEJO,71,698
SINCELEJO,72,9
SINCELEJO,73,248
SINCELEJO,74,62
SINCELEJO,75,27
SINCELEJO,77,155
SINCELEJO,78,66
SINCELEJO,79,194
SINCELEJO,80,61
SINCELEJO,81,124
SINCELEJO,82,362
SINCELEJO,84,12
SINCELEJO,85,278
SINCELEJO,86,916
SINCELEJO,87,8
SINCELEJO,88,28
SINCELEJO,90,158
SINCELEJO,91,5
SINCELEJO,92,112
SINCELEJO,93,314
SINCELEJO,94,7855
SINCELEJO,95,156
SINCELEJO,96,505
SINCELEJO,99,952
SINCELEJO,na,111
SOACHA,01,11
SOACHA,10,165
SOACHA,11,3
SOACHA,13,11
SOACHA,14,79
SOACHA,15,6
SOACHA,16,22
SOACHA,17,1
SOACHA,18,12
SOACHA,20,18
SOACHA,22,5
SOACHA,23,3
SOACHA,24,6
SOACHA,25,17
SOACHA,28,3
SOACHA,29,5
SOACHA,30,1
SOACHA,31,28
SOACHA,32,20
SOACHA,33,19
SOACHA,36,1
SOACHA,38,33
SOACHA,39,2
SOACHA,41,8
SOACHA,42,16
SOACHA,43,55
SOACHA,45,140
SOACHA,46,82
SOACHA,47,1308
SOACHA,49,31
SOACHA,52,21
SOACHA,53,13
SOACHA,55,1
SOACHA,56,815
SOACHA,58,1
SOACHA,59,3
SOACHA,60,1
SOACHA,61,7
SOACHA,62,23
SOACHA,63,6
SOACHA,64,2
SOACHA,66,18
SOACHA,68,14
SOACHA,69,8
SOACHA,70,11
SOACHA,71,9
SOACHA,72,3
SOACHA,73,19
SOACHA,74,17
SOACHA,75,15
SOACHA,77,7
SOACHA,78,1
SOACHA,79,14
SOACHA,80,9
SOACHA,81,9
SOACHA,82,49
SOACHA,84,1
SOACHA,85,45
SOACHA,86,29
SOACHA,87,1
SOACHA,88,4
SOACHA,90,15
SOACHA,92,8
SOACHA,93,27
SOACHA,94,51
SOACHA,95,27
SOACHA,96,254
SOGAMOSO,01,241
SOGAMOSO,02,54
SOGAMOSO,03,20
SOGAMOSO,05,484
SOGAMOSO,07,10
SOGAMOSO,08,167
SOGAMOSO,09,24
SOGAMOSO,10,448
SOGAMOSO,11,40
SOGAMOSO,13,114
SOGAMOSO,14,150
SOGAMOSO,15,14
SOGAMOSO,16,79
SOGAMOSO,17,6
SOGAMOSO,18,20
SOGAMOSO,19,6
SOGAMOSO,20,53
SOGAMOSO,21,3
SOGAMOSO,22,26
SOGAMOSO,23,140
SOGAMOSO,24,38
SOGAMOSO,25,211
SOGAMOSO,26,2
SOGAMOSO,27,8
SOGAMOSO,28,17
SOGAMOSO,29,15
SOGAMOSO,30,2
SOGAMOSO,31,74
SOGAMOSO,32,81
SOGAMOSO,33,182
SOGAMOSO,35,15
SOGAMOSO,36,93
SOGAMOSO,38,91
SOGAMOSO,39,19
SOGAMOSO,41,246
SOGAMOSO,42,468
SOGAMOSO,43,230
SOGAMOSO,45,727
SOGAMOSO,46,931
SOGAMOSO,47,5505
SOGAMOSO,49,651
SOGAMOSO,50,11
SOGAMOSO,51,1
SOGAMOSO,52,145
SOGAMOSO,53,50
SOGAMOSO,55,324
SOGAMOSO,56,2260
SOGAMOSO,58,14
SOGAMOSO,59,14
SOGAMOSO,60,8
SOGAMOSO,61,147
SOGAMOSO,62,73
SOGAMOSO,63,10
SOGAMOSO,64,21
SOGAMOSO,65,84
SOGAMOSO,66,90
SOGAMOSO,68,108
SOGAMOSO,69,87
SOGAMOSO,70,196
SOGAMOSO,71,503
SOGAMOSO,72,17
SOGAMOSO,73,172
SOGAMOSO,74,79
SOGAMOSO,75,34
SOGAMOSO,77,75
SOGAMOSO,78,23
SOGAMOSO,79,137
SOGAMOSO,80,36
SOGAMOSO,81,87
SOGAMOSO,82,144
SOGAMOSO,84,14
SOGAMOSO,85,107
SOGAMOSO,86,220
SOGAMOSO,87,15
SOGAMOSO,88,10
SOGAMOSO,90,66
SOGAMOSO,91,1
SOGAMOSO,92,28
SOGAMOSO,93,159
SOGAMOSO,94,1259
SOGAMOSO,95,156
SOGAMOSO,96,476
SOGAMOSO,99,376
SOGAMOSO,na,16
SUR Y ORIENTE DEL TOLIMA,01,492
SUR Y ORIENTE DEL TOLIMA,02,16
SUR Y ORIENTE DEL TOLIMA,03,36
SUR Y ORIENTE DEL TOLIMA,05,3
SUR Y ORIENTE DEL TOLIMA,06,2
SUR Y ORIENTE DEL TOLIMA,07,11
SUR Y ORIENTE DEL TOLIMA,08,64
SUR Y ORIENTE DEL TOLIMA,09,7
SUR Y ORIENTE DEL TOLIMA,10,639
SUR Y ORIENTE DEL TOLIMA,11,73
SUR Y ORIENTE DEL TOLIMA,13,19
SUR Y ORIENTE DEL TOLIMA,14,115
SUR Y ORIENTE DEL TOLIMA,15,8
SUR Y ORIENTE DEL TOLIMA,16,50
SUR Y ORIENTE DEL TOLIMA,17,2
SUR Y ORIENTE DEL TOLIMA,18,23
SUR Y ORIENTE DEL TOLIMA,19,1
SUR Y ORIENTE DEL TOLIMA,20,46
SUR Y ORIENTE DEL TOLIMA,21,4
SUR Y ORIENTE DEL TOLIMA,22,6
SUR Y ORIENTE DEL TOLIMA,23,58
SUR Y ORIENTE DEL TOLIMA,24,10
SUR Y ORIENTE DEL TOLIMA,25,150
SUR Y ORIENTE DEL TOLIMA,26,1
SUR Y ORIENTE DEL TOLIMA,27,2
SUR Y ORIENTE DEL TOLIMA,28,23
SUR Y ORIENTE DEL TOLIMA,29,1
SUR Y ORIENTE DEL TOLIMA,30,1
SUR Y ORIENTE DEL TOLIMA,31,43
SUR Y ORIENTE DEL TOLIMA,32,21
SUR Y ORIENTE DEL TOLIMA,33,181
SUR Y ORIENTE DEL TOLIMA,35,12
SUR Y ORIENTE DEL TOLIMA,36,51
SUR Y ORIENTE DEL TOLIMA,37,3
SUR Y ORIENTE DEL TOLIMA,38,77
SUR Y ORIENTE DEL TOLIMA,39,14
SUR Y ORIENTE DEL TOLIMA,41,203
SUR Y ORIENTE DEL TOLIMA,42,368
SUR Y ORIENTE DEL TOLIMA,43,198
SUR Y ORIENTE DEL TOLIMA,45,972
SUR Y ORIENTE DEL TOLIMA,46,888
SUR Y ORIENTE DEL TOLIMA,47,7282
SUR Y ORIENTE DEL TOLIMA,49,234
SUR Y ORIENTE DEL TOLIMA,50,10
SUR Y ORIENTE DEL TOLIMA,51,2
SUR Y ORIENTE DEL TOLIMA,52,105
SUR Y ORIENTE DEL TOLIMA,53,38
SUR Y ORIENTE DEL TOLIMA,55,806
SUR Y ORIENTE DEL TOLIMA,56,3386
SUR Y ORIENTE DEL TOLIMA,58,10
SUR Y ORIENTE DEL TOLIMA,59,14
SUR Y ORIENTE DEL TOLIMA,60,21
SUR Y ORIENTE DEL TOLIMA,61,219
SUR Y ORIENTE DEL TOLIMA,62,34
SUR Y ORIENTE DEL TOLIMA,63,9
SUR Y ORIENTE DEL TOLIMA,64,31
SUR Y ORIENTE DEL TOLIMA,65,31
SUR Y ORIENTE DEL TOLIMA,66,79
SUR Y ORIENTE DEL TOLIMA,68,187
SUR Y ORIENTE DEL TOLIMA,69,72
SUR Y ORIENTE DEL TOLIMA,70,83
SUR Y ORIENTE DEL TOLIMA,71,135
SUR Y ORIENTE DEL TOLIMA,72,6
SUR Y ORIENTE DEL TOLIMA,73,123
SUR Y ORIENTE DEL TOLIMA,74,51
SUR Y ORIENTE DEL TOLIMA,75,38
SUR Y ORIENTE DEL TOLIMA,77,91
SUR Y ORIENTE DEL TOLIMA,78,11
SUR Y ORIENTE DEL TOLIMA,79,156
SUR Y ORIENTE DEL TOLIMA,80,26
SUR Y ORIENTE DEL TOLIMA,81,63
SUR Y ORIENTE DEL TOLIMA,82,317
SUR Y ORIENTE DEL TOLIMA,84,4
SUR Y ORIENTE DEL TOLIMA,85,113
SUR Y ORIENTE DEL TOLIMA,86,157
SUR Y ORIENTE DEL TOLIMA,87,9
SUR Y ORIENTE DEL TOLIMA,88,5
SUR Y ORIENTE DEL TOLIMA,90,52
SUR Y ORIENTE DEL TOLIMA,91,3
SUR Y ORIENTE DEL TOLIMA,92,90
SUR Y ORIENTE DEL TOLIMA,93,269
SUR Y ORIENTE DEL TOLIMA,94,3584
SUR Y ORIENTE DEL TOLIMA,95,141
SUR Y ORIENTE DEL TOLIMA,96,599
SUR Y ORIENTE DEL TOLIMA,99,652
SUR Y ORIENTE DEL TOLIMA,G5,1
SUR Y ORIENTE DEL TOLIMA,na,50
TULUA,01,583
TULUA,02,14
TULUA,03,13
TULUA,07,2
TULUA,08,17
TULUA,10,508
TULUA,11,46
TULUA,12,1
TULUA,13,81
TULUA,14,233
TULUA,15,42
TULUA,16,63
TULUA,17,5
TULUA,18,50
TULUA,19,3
TULUA,20,65
TULUA,21,8
TULUA,22,16
TULUA,23,34
TULUA,24,6
TULUA,25,125
TULUA,26,5
TULUA,27,4
TULUA,28,30
TULUA,29,9
TULUA,30,2
TULUA,31,99
TULUA,32,67
TULUA,33,170
TULUA,35,8
TULUA,36,68
TULUA,37,1
TULUA,38,54
TULUA,39,26
TULUA,41,175
TULUA,42,198
TULUA,43,275
TULUA,45,696
TULUA,46,481
TULUA,47,5309
TULUA,49,191
TULUA,50,2
TULUA,51,34
TULUA,52,160
TULUA,53,52
TULUA,55,192
TULUA,56,1715
TULUA,58,19
TULUA,59,7
TULUA,60,21
TULUA,61,103
TULUA,62,98
TULUA,63,45
TULUA,64,60
TULUA,65,27
TULUA,66,176
TULUA,67,9
TULUA,68,277
TULUA,69,97
TULUA,70,170
TULUA,71,131
TULUA,72,9
TULUA,73,146
TULUA,74,58
TULUA,75,12
TULUA,77,104
TULUA,78,30
TULUA,79,105
TULUA,80,39
TULUA,81,71
TULUA,82,269
TULUA,84,36
TULUA,85,123
TULUA,86,262
TULUA,87,26
TULUA,88,39
TULUA,90,75
TULUA,91,1
TULUA,92,71
TULUA,93,275
TULUA,94,1245
TULUA,95,152
TULUA,96,501
TULUA,99,457
TULUA,A0,1
TULUA,D1,1
TULUA,F4,1
TULUA,G5,3
TULUA,H5,2
TULUA,J6,1
TULUA,M8,1
TULUA,O9,2
TULUA,na,22
TUMACO,01,408
TUMACO,02,40
TUMACO,03,118
TUMACO,07,73
TUMACO,08,26
TUMACO,09,1
TUMACO,10,317
TUMACO,11,67
TUMACO,12,3
TUMACO,13,22
TUMACO,14,64
TUMACO,15,7
TUMACO,16,134
TUMACO,17,2
TUMACO,18,7
TUMACO,19,1
TUMACO,20,23
TUMACO,22,2
TUMACO,23,6
TUMACO,24,5
TUMACO,25,63
TUMACO,27,1
TUMACO,28,1
TUMACO,29,1
TUMACO,30,49
TUMACO,31,25
TUMACO,32,27
TUMACO,33,124
TUMACO,35,80
TUMACO,36,45
TUMACO,37,4
TUMACO,38,26
TUMACO,39,17
TUMACO,41,70
TUMACO,42,126
TUMACO,43,79
TUMACO,45,242
TUMACO,46,414
TUMACO,47,4919
TUMACO,49,98
TUMACO,50,210
TUMACO,51,18
TUMACO,52,32
TUMACO,53,28
TUMACO,55,173
TUMACO,56,722
TUMACO,58,4
TUMACO,59,7
TUMACO,60,18
TUMACO,61,125
TUMACO,62,11
TUMACO,63,13
TUMACO,64,34
TUMACO,65,15
TUMACO,66,20
TUMACO,67,1
TUMACO,68,52
TUMACO,69,39
TUMACO,70,79
TUMACO,71,63
TUMACO,72,6
TUMACO,73,44
TUMACO,74,42
TUMACO,75,16
TUMACO,77,43
TUMACO,78,10
TUMACO,79,58
TUMACO,80,20
TUMACO,81,22
TUMACO,82,101
TUMACO,84,18
TUMACO,85,82
TUMACO,86,159
TUMACO,87,1
TUMACO,88,4
TUMACO,90,27
TUMACO,92,60
TUMACO,93,66
TUMACO,94,3211
TUMACO,95,71
TUMACO,96,253
TUMACO,99,405
TUMACO,B0,1
TUMACO,G5,2
TUMACO,I6,1
TUMACO,na,6
TUNJA,01,934
TUNJA,02,120
TUNJA,03,18
TUNJA,05,269
TUNJA,06,1
TUNJA,07,20
TUNJA,08,284
TUNJA,09,15
TUNJA,10,1693
TUNJA,11,69
TUNJA,13,144
TUNJA,14,335
TUNJA,15,30
TUNJA,16,234
TUNJA,17,7
TUNJA,18,82
TUNJA,19,44
TUNJA,20,112
TUNJA,21,11
TUNJA,22,23
TUNJA,23,190
TUNJA,24,40
TUNJA,25,316
TUNJA,26,11
TUNJA,27,9
TUNJA,28,28
TUNJA,29,24
TUNJA,31,176
TUNJA,32,174
TUNJA,33,252
TUNJA,35,56
TUNJA,36,711
TUNJA,37,4
TUNJA,38,140
TUNJA,39,66
TUNJA,41,754
TUNJA,42,1194
TUNJA,43,706
TUNJA,45,1981
TUNJA,46,1923
TUNJA,47,15838
TUNJA,49,1616
TUNJA,50,3
TUNJA,52,291
TUNJA,53,205
TUNJA,55,1348
TUNJA,56,6776
TUNJA,58,63
TUNJA,59,65
TUNJA,60,62
TUNJA,61,424
TUNJA,62,224
TUNJA,63,38
TUNJA,64,67
TUNJA,65,80
TUNJA,66,362
TUNJA,68,527
TUNJA,69,332
TUNJA,70,422
TUNJA,71,978
TUNJA,72,53
TUNJA,73,627
TUNJA,74,222
TUNJA,75,129
TUNJA,77,189
TUNJA,78,71
TUNJA,79,385
TUNJA,80,183
TUNJA,81,206
TUNJA,82,639
TUNJA,84,137
TUNJA,85,362
TUNJA,86,678
TUNJA,87,59
TUNJA,88,109
TUNJA,90,290
TUNJA,91,41
TUNJA,92,122
TUNJA,93,614
TUNJA,94,3096
TUNJA,95,348
TUNJA,96,1449
TUNJA,98,2
TUNJA,99,1095
TUNJA,na,17
URABA,01,1012
URABA,02,106
URABA,03,27
URABA,05,1
URABA,06,1
URABA,07,2
URABA,08,21
URABA,09,3
URABA,10,475
URABA,11,57
URABA,13,34
URABA,14,121
URABA,15,14
URABA,16,216
URABA,17,9
URABA,18,42
URABA,20,41
URABA,22,7
URABA,23,61
URABA,24,13
URABA,25,158
URABA,26,4
URABA,27,2
URABA,28,8
URABA,29,10
URABA,30,38
URABA,31,107
URABA,32,51
URABA,33,207
URABA,35,13
URABA,36,26
URABA,37,7
URABA,38,95
URABA,39,62
URABA,41,386
URABA,42,365
URABA,43,404
URABA,45,866
URABA,46,1206
URABA,47,8001
URABA,49,299
URABA,50,94
URABA,51,1
URABA,52,214
URABA,53,70
URABA,55,595
URABA,56,2413
URABA,58,21
URABA,59,14
URABA,60,27
URABA,61,151
URABA,62,72
URABA,63,12
URABA,64,29
URABA,65,16
URABA,66,96
URABA,68,346
URABA,69,167
URABA,70,195
URABA,71,150
URABA,72,11
URABA,73,154
URABA,74,88
URABA,75,17
URABA,77,134
URABA,78,66
URABA,79,162
URABA,80,41
URABA,81,77
URABA,82,241
URABA,84,29
URABA,85,170
URABA,86,234
URABA,87,3
URABA,88,12
URABA,90,41
URABA,92,114
URABA,93,196
URABA,94,3009
URABA,95,226
URABA,96,667
URABA,99,1200
URABA,na,10
VALLEDUPAR,01,1289
VALLEDUPAR,02,66
VALLEDUPAR,03,47
VALLEDUPAR,05,50
VALLEDUPAR,06,2
VALLEDUPAR,07,39
VALLEDUPAR,08,132
VALLEDUPAR,09,44
VALLEDUPAR,10,994
VALLEDUPAR,11,104
VALLEDUPAR,12,1
VALLEDUPAR,13,111
VALLEDUPAR,14,674
VALLEDUPAR,15,42
VALLEDUPAR,16,147
VALLEDUPAR,17,4
VALLEDUPAR,18,71
VALLEDUPAR,19,3
VALLEDUPAR,20,131
VALLEDUPAR,21,11
VALLEDUPAR,22,34
VALLEDUPAR,23,119
VALLEDUPAR,24,28
VALLEDUPAR,25,417
VALLEDUPAR,26,13
VALLEDUPAR,27,16
VALLEDUPAR,28,29
VALLEDUPAR,29,15
VALLEDUPAR,30,4
VALLEDUPAR,31,200
VALLEDUPAR,32,170
VALLEDUPAR,33,436
VALLEDUPAR,35,89
VALLEDUPAR,36,76
VALLEDUPAR,37,23
VALLEDUPAR,38,185
VALLEDUPAR,39,273
VALLEDUPAR,41,859
VALLEDUPAR,42,1245
VALLEDUPAR,43,1168
VALLEDUPAR,45,2110
VALLEDUPAR,46,2392
VALLEDUPAR,47,13270
VALLEDUPAR,49,923
VALLEDUPAR,50,4
VALLEDUPAR,51,7
VALLEDUPAR,52,206
VALLEDUPAR,53,369
VALLEDUPAR,55,557
VALLEDUPAR,56,4559
VALLEDUPAR,58,60
VALLEDUPAR,59,86
VALLEDUPAR,60,41
VALLEDUPAR,61,413
VALLEDUPAR,62,234
VALLEDUPAR,63,54
VALLEDUPAR,64,152
VALLEDUPAR,65,105
VALLEDUPAR,66,349
VALLEDUPAR,68,709
VALLEDUPAR,69,574
VALLEDUPAR,70,1455
VALLEDUPAR,71,666
VALLEDUPAR,72,35
VALLEDUPAR,73,581
VALLEDUPAR,74,162
VALLEDUPAR,75,44
VALLEDUPAR,77,346
VALLEDUPAR,78,86
VALLEDUPAR,79,165
VALLEDUPAR,80,159
VALLEDUPAR,81,233
VALLEDUPAR,82,493
VALLEDUPAR,84,133
VALLEDUPAR,85,349
VALLEDUPAR,86,1087
VALLEDUPAR,87,62
VALLEDUPAR,88,138
VALLEDUPAR,90,351
VALLEDUPAR,91,38
VALLEDUPAR,92,140
VALLEDUPAR,93,434
VALLEDUPAR,94,6244
VALLEDUPAR,95,321
VALLEDUPAR,96,1160
VALLEDUPAR,97,2
VALLEDUPAR,98,3
VALLEDUPAR,99,1850
VALLEDUPAR,na,21
VILLAVICENCIO,01,3554
VILLAVICENCIO,02,202
VILLAVICENCIO,03,165
VILLAVICENCIO,05,4
VILLAVICENCIO,06,4
VILLAVICENCIO,07,25
VILLAVICENCIO,08,162
VILLAVICENCIO,09,65
VILLAVICENCIO,10,2363
VILLAVICENCIO,11,193
VILLAVICENCIO,13,191
VILLAVICENCIO,14,843
VILLAVICENCIO,15,138
VILLAVICENCIO,16,317
VILLAVICENCIO,17,10
VILLAVICENCIO,18,183
VILLAVICENCIO,19,5
VILLAVICENCIO,20,222
VILLAVICENCIO,21,21
VILLAVICENCIO,22,70
VILLAVICENCIO,23,182
VILLAVICENCIO,24,75
VILLAVICENCIO,25,1074
VILLAVICENCIO,26,30
VILLAVICENCIO,27,41
VILLAVICENCIO,28,107
VILLAVICENCIO,29,80
VILLAVICENCIO,30,42
VILLAVICENCIO,31,339
VILLAVICENCIO,32,276
VILLAVICENCIO,33,1145
VILLAVICENCIO,35,175
VILLAVICENCIO,36,247
VILLAVICENCIO,37,35
VILLAVICENCIO,38,471
VILLAVICENCIO,39,86
VILLAVICENCIO,41,1175
VILLAVICENCIO,42,2934
VILLAVICENCIO,43,1792
VILLAVICENCIO,45,5101
VILLAVICENCIO,46,4981
VILLAVICENCIO,47,28820
VILLAVICENCIO,49,2890
VILLAVICENCIO,50,291
VILLAVICENCIO,51,132
VILLAVICENCIO,52,501
VILLAVICENCIO,53,540
VILLAVICENCIO,55,2437
VILLAVICENCIO,56,12778
VILLAVICENCIO,58,77
VILLAVICENCIO,59,93
VILLAVICENCIO,60,37
VILLAVICENCIO,61,813
VILLAVICENCIO,62,460
VILLAVICENCIO,63,194
VILLAVICENCIO,64,116
VILLAVICENCIO,65,221
VILLAVICENCIO,66,659
VILLAVICENCIO,68,1321
VILLAVICENCIO,69,866
VILLAVICENCIO,70,997
VILLAVICENCIO,71,1464
VILLAVICENCIO,72,99
VILLAVICENCIO,73,1169
VILLAVICENCIO,74,562
VILLAVICENCIO,75,342
VILLAVICENCIO,77,1046
VILLAVICENCIO,78,126
VILLAVICENCIO,79,849
VILLAVICENCIO,80,209
VILLAVICENCIO,81,482
VILLAVICENCIO,82,2242
VILLAVICENCIO,84,78
VILLAVICENCIO,85,1159
VILLAVICENCIO,86,1582
VILLAVICENCIO,87,81
VILLAVICENCIO,88,99
VILLAVICENCIO,90,518
VILLAVICENCIO,91,15
VILLAVICENCIO,92,515
VILLAVICENCIO,93,1255
VILLAVICENCIO,94,7870
VILLAVICENCIO,95,806
VILLAVICENCIO,96,3459
VILLAVICENCIO,97,14
VILLAVICENCIO,99,3166
VILLAVICENCIO,na,125
