institucion,programa,departamento,MOD_RAZONA_CUANTITAT_PUNT,MOD_COMUNI_ESCRITA_PUNT,MOD_LECTURA_CRITICA_PUNT,MOD_INGLES_PUNT,MOD_COMPETEN_CIUDADA_PUNT
COLEGIO MAYOR DE NUESTRA SEÑORA DEL ROSARIO-BOGOTÁ D.C.,CIENCIA POLITICA Y GOBIERNO,BOGOTÁ,134.0,192.0,164.0,154.0,131.0
COLEGIO MAYOR DE NUESTRA SEÑORA DEL ROSARIO-BOGOTÁ D.C.,JURISPRUDENCIA,BOGOTÁ,154.5,227.0,200.5,198.0,199.5
COLEGIO MAYOR DE NUESTRA SEÑORA DEL ROSARIO-BOGOTÁ D.C.,PSICOLOGIA,BOGOTÁ,172.0,160.0,164.0,171.0,172.0
CORPORACION ESCUELA DE ARTES Y LETRAS-BOGOTÁ D.C.,CINE Y TELEVISIÓN,BOGOTÁ,137.0,193.0,182.0,211.0,178.0
CORPORACION UNIFICADA NACIONAL DE EDUCACION SUPERIOR-CUN-BOGOTÁ D.C.,INGENIERIA DE SISTEMAS,BOGOTÁ,168.0,128.0,140.0,145.0,159.0
CORPORACION UNIVERSIDAD PILOTO DE COLOMBIA-BOGOTÁ D.C.,ARQUITECTURA,BOGOTÁ,153.0,133.75,157.0,160.75,171.25
CORPORACION UNIVERSIDAD PILOTO DE COLOMBIA-BOGOTÁ D.C.,INGENIERIA CIVIL,BOGOTÁ,198.0,164.0,173.0,189.0,141.0
CORPORACION UNIVERSIDAD PILOTO DE COLOMBIA-BOGOTÁ D.C.,INGENIERIA FINANCIERA,BOGOTÁ,169.0,151.0,185.0,205.0,189.0
CORPORACION UNIVERSIDAD PILOTO DE COLOMBIA-BOGOTÁ D.C.,INGENIERIA MECATRONICA,BOGOTÁ,177.0,98.0,130.0,188.0,168.0
CORPORACION UNIVERSITARIA  UNITEC-BOGOTÁ D.C.,CINE Y TELEVISION,BOGOTÁ,135.5,159.5,157.0,169.0,141.5
CORPORACION UNIVERSITARIA  UNITEC-BOGOTÁ D.C.,MERCADEO Y PUBLICIDAD,BOGOTÁ,176.0,171.0,181.0,149.0,132.0
CORPORACION UNIVERSITARIA ADVENTISTA-MEDELLIN,LICENCIATURA EN TEOLOGIA,ANTIOQUIA,147.5,145.5,141.0,153.0,153.0
CORPORACION UNIVERSITARIA CENDA-BOGOTÁ D.C.,LICENCIATURA EN EDUCACION ARTISTICA Y ARTES ESCENICAS,BOGOTÁ,184.0,162.0,200.0,165.0,163.0
CORPORACION UNIVERSITARIA DE ASTURIAS-BOGOTÁ D.C.,ADMINISTRACION Y DIRECCION DE EMPRESAS,BOGOTÁ,150.8,134.0,139.6,143.0,129.8
CORPORACION UNIVERSITARIA DE ASTURIAS-BOGOTÁ D.C.,NEGOCIOS INTERNACIONALES,BOGOTÁ,166.0,140.5,121.5,159.5,113.5
CORPORACION UNIVERSITARIA DE CIENCIA Y DESARROLLO - UNICIENCIA-BOGOTÁ D.C.,DERECHO,BOGOTÁ,139.0,120.0,126.0,106.0,134.0
CORPORACION UNIVERSITARIA DEL CARIBE - CECAR-SINCELEJO,LICENCIATURA EN INGLÉS,SUCRE,161.0,124.0,161.0,300.0,148.0
CORPORACION UNIVERSITARIA DEL CARIBE - CECAR-SINCELEJO,LICENCIATURA EN PEDAGOGÍA INFANTIL,SUCRE,152.5,140.5,134.0,150.5,133.5
CORPORACION UNIVERSITARIA IBEROAMERICANA-BOGOTÁ D.C.,INGENIERÍA INDUSTRIAL,BOGOTÁ,135.75,72.75,140.0,138.25,134.75
CORPORACION UNIVERSITARIA IBEROAMERICANA-BOGOTÁ D.C.,LICENCIATURA EN PEDAGOGIA INFANTIL,BOGOTÁ,117.25,120.33333333333333,125.91666666666667,123.91666666666667,117.5
CORPORACION UNIVERSITARIA IBEROAMERICANA-BOGOTÁ D.C.,PSICOLOGÍA,BOGOTÁ,143.5,148.5,162.0,190.5,155.0
CORPORACION UNIVERSITARIA MINUTO DE DIOS -UNIMINUTO-BOGOTÁ D.C.,ADMINISTRACIÓN EN SALUD OCUPACIONAL,BOGOTÁ,125.57142857142857,138.57142857142858,128.28571428571428,128.57142857142858,118.0
CORPORACION UNIVERSITARIA MINUTO DE DIOS -UNIMINUTO-BOGOTÁ D.C.,COMUNICACION SOCIAL- PERIODISMO,BOGOTÁ,129.5,124.5,150.0,161.0,159.5
CORPORACION UNIVERSITARIA MINUTO DE DIOS -UNIMINUTO-BOGOTÁ D.C.,INGENIERIA CIVIL,BOGOTÁ,167.0,104.0,106.0,138.0,204.0
CORPORACION UNIVERSITARIA MINUTO DE DIOS -UNIMINUTO-BOGOTÁ D.C.,"LICENCIATURA EN EDUCACIÓN FÍSICA, RECREACIÓN Y DEPORTE",BOGOTÁ,131.5,66.0,169.5,149.5,146.5
CORPORACION UNIVERSITARIA MINUTO DE DIOS -UNIMINUTO-BOGOTÁ D.C.,LICENCIATURA EN EDUCACIÓN INFANTIL,BOGOTÁ,113.0,106.0,113.0,126.0,111.0
CORPORACION UNIVERSITARIA MINUTO DE DIOS -UNIMINUTO-BOGOTÁ D.C.,TRABAJO SOCIAL,BOGOTÁ,138.0,168.0,138.0,127.0,144.0
CORPORACION UNIVERSITARIA REFORMADA - CUR -BARRANQUILLA,PSICOLOGIA,ATLANTICO,136.5,104.0,148.0,130.0,144.0
CORPORACION UNIVERSITARIA REMINGTON-MEDELLIN,ADMINISTRACION DE NEGOCIOS INTERNACIONALES,ANTIOQUIA,133.4,128.76,132.36,135.12,128.64
CORPORACION UNIVERSITARIA REMINGTON-MEDELLIN,CONTADURIA PUBLICA,ANTIOQUIA,137.376,122.05645161290323,132.592,133.736,131.904
CORPORACION UNIVERSITARIA REMINGTON-MEDELLIN,INGENIERIA DE SISTEMAS,ANTIOQUIA,143.64102564102564,134.8684210526316,137.69230769230768,141.6153846153846,132.6153846153846
CORPORACION UNIVERSITARIA REMINGTON-MEDELLIN,INGENIERÍA INDUSTRIAL,ANTIOQUIA,160.0,0.0,121.0,149.0,147.0
DIRECCION NACIONAL DE ESCUELAS-BOGOTÁ D.C.,ADMINISTRACION POLICIAL,BOGOTÁ,132.75,154.25,139.5,148.0,141.5
"ESCUELA COLOMBIANA DE INGENIERIA""JULIO GARAVITO""-BOGOTÁ D.C.",INGENIERIA BIOMEDICA,BOGOTÁ,136.0,185.0,186.0,146.0,172.0
"ESCUELA COLOMBIANA DE INGENIERIA""JULIO GARAVITO""-BOGOTÁ D.C.",INGENIERIA CIVIL,BOGOTÁ,188.0,123.2,167.6,168.4,185.2
"ESCUELA COLOMBIANA DE INGENIERIA""JULIO GARAVITO""-BOGOTÁ D.C.",INGENIERIA ELECTRICA,BOGOTÁ,163.5,131.5,145.5,160.0,134.0
"ESCUELA COLOMBIANA DE INGENIERIA""JULIO GARAVITO""-BOGOTÁ D.C.",INGENIERIA ELECTRONICA,BOGOTÁ,164.0,97.0,165.0,171.0,158.0
"ESCUELA COLOMBIANA DE INGENIERIA""JULIO GARAVITO""-BOGOTÁ D.C.",INGENIERIA INDUSTRIAL,BOGOTÁ,172.0,0.0,126.0,170.0,125.0
"ESCUELA COLOMBIANA DE INGENIERIA""JULIO GARAVITO""-BOGOTÁ D.C.",INGENIERÍA MECÁNICA,BOGOTÁ,199.66666666666666,134.66666666666666,165.33333333333334,178.33333333333334,150.33333333333334
ESCUELA DE INGENIEROS MILITARES-BOGOTÁ D.C.,INGENIERIA CIVIL,BOGOTÁ,149.63636363636363,119.45454545454545,124.36363636363636,137.0,127.9090909090909
"ESCUELA MILITAR DE CADETES ""GENERAL JOSE MARIA CORDOVA""-BOGOTÁ D.C.",CIENCIAS MILITARES,BOGOTÁ,138.55555555555554,122.0,128.22222222222223,132.55555555555554,113.44444444444444
"ESCUELA NAVAL DE CADETES""ALMIRANTE PADILLA""-CARTAGENA",CIENCIAS NAVALES PARA OFICIALES NAVALES,BOLIVAR,157.0,193.0,137.0,162.0,106.0
"ESCUELA NAVAL DE CADETES""ALMIRANTE PADILLA""-CARTAGENA",OCEANOGRAFIA FISICA,BOLIVAR,151.0,137.0,153.0,154.0,129.0
ESCUELA SUPERIOR DE ADMINISTRACION PUBLICA-ESAP-BOGOTÁ D.C.,ADMINISTRACION PUBLICA TERRITORIAL,BOGOTÁ,134.7594936708861,135.68354430379748,140.0759493670886,128.58227848101265,142.37974683544303
FUNDACION DE EDUCACION SUPERIOR SAN JOSE -FESSANJOSE-BOGOTÁ D.C.,ADMINISTRACION DE EMPRESAS.,BOGOTÁ,134.0,66.5,109.0,67.5,111.0
FUNDACION DE EDUCACION SUPERIOR SAN JOSE -FESSANJOSE-BOGOTÁ D.C.,CONTADURÍA PÚBLICA,BOGOTÁ,172.0,0.0,149.0,156.0,173.0
FUNDACION DE EDUCACION SUPERIOR SAN JOSE -FESSANJOSE-BOGOTÁ D.C.,DISEÑO DE MODAS,BOGOTÁ,141.0,130.0,129.0,135.0,114.0
FUNDACION DE EDUCACION SUPERIOR SAN JOSE -FESSANJOSE-BOGOTÁ D.C.,INGENIERÍA INDUSTRIAL,BOGOTÁ,140.5,115.0,140.9090909090909,147.86363636363637,140.27272727272728
FUNDACION DE EDUCACION SUPERIOR SAN JOSE -FESSANJOSE-BOGOTÁ D.C.,PROFESIONAL EN ADMINISTRACIÓN DE EMPRESAS,BOGOTÁ,122.0,137.0,135.5,139.5,149.5
FUNDACION DE EDUCACION SUPERIOR SAN JOSE -FESSANJOSE-BOGOTÁ D.C.,PROFESIONAL EN INGENIERIA INDUSTRIAL,BOGOTÁ,131.5,128.25,130.25,128.75,123.5
"FUNDACION PARA LA EDUCACION SUPERIOR SAN MATEO ""FUNDACION SAN MATEO""-BOGOTÁ D.C.",INGENIERIA EN SEGURIDAD Y SALUD PARA EL TRABAJO,BOGOTÁ,158.0,149.0,164.0,163.0,179.0
"FUNDACION PARA LA EDUCACION SUPERIOR SAN MATEO ""FUNDACION SAN MATEO""-BOGOTÁ D.C.",INGENIERIA INDUSTRIAL,BOGOTÁ,130.0,168.0,147.0,164.0,158.0
"FUNDACION PARA LA EDUCACION SUPERIOR SAN MATEO ""FUNDACION SAN MATEO""-BOGOTÁ D.C.",INGENIERÍA EN SEGURIDAD Y SALUD PARA EL TRABAJO,BOGOTÁ,178.0,181.0,166.0,160.0,182.0
FUNDACION UNIVERSIDAD AUTONOMA DE COLOMBIA -FUAC--BOGOTÁ D.C.,DERECHO,BOGOTÁ,147.0,157.33333333333334,161.66666666666666,157.0,177.0
FUNDACION UNIVERSIDAD AUTONOMA DE COLOMBIA -FUAC--BOGOTÁ D.C.,INGENIERIA ELECTROMECANICA,BOGOTÁ,162.0,0.0,149.0,135.0,166.0
FUNDACION UNIVERSIDAD AUTONOMA DE COLOMBIA -FUAC--BOGOTÁ D.C.,RELACIONES ECONOMICAS INTERNACIONALES,BOGOTÁ,146.0,90.0,98.0,184.0,112.0
FUNDACION UNIVERSIDAD DE AMERICA-BOGOTÁ D.C.,INGENIERIA DE PETROLEOS,BOGOTÁ,203.0,113.0,160.0,185.0,162.0
FUNDACION UNIVERSIDAD DE AMERICA-BOGOTÁ D.C.,INGENIERIA QUIMICA,BOGOTÁ,161.0,141.75,170.25,178.0,148.5
"FUNDACION UNIVERSIDAD DE BOGOTA""JORGE TADEO LOZANO""-BOGOTÁ D.C.",ARQUITECTURA,BOGOTÁ,164.5,166.0,169.5,169.5,163.5
"FUNDACION UNIVERSIDAD DE BOGOTA""JORGE TADEO LOZANO""-BOGOTÁ D.C.",CIENCIA POLÍTICA Y GOBIERNO,BOGOTÁ,159.0,91.0,172.0,199.0,172.0
"FUNDACION UNIVERSIDAD DE BOGOTA""JORGE TADEO LOZANO""-BOGOTÁ D.C.",COMUNICACION SOCIAL -  PERIODISMO,BOGOTÁ,154.0,125.5,179.0,177.0,160.5
"FUNDACION UNIVERSIDAD DE BOGOTA""JORGE TADEO LOZANO""-BOGOTÁ D.C.",DERECHO,BOGOTÁ,162.0,122.0,178.0,145.0,192.0
"FUNDACION UNIVERSIDAD DE BOGOTA""JORGE TADEO LOZANO""-BOGOTÁ D.C.",DISEÑO GRAFICO,BOGOTÁ,196.0,163.0,186.0,182.0,188.0
"FUNDACION UNIVERSIDAD DE BOGOTA""JORGE TADEO LOZANO""-BOGOTÁ D.C.",INGENIERIA QUIMICA,BOGOTÁ,223.0,103.0,154.0,181.0,150.0
"FUNDACION UNIVERSIDAD DE BOGOTA""JORGE TADEO LOZANO""-BOGOTÁ D.C.",MERCADEO,BOGOTÁ,151.0,98.0,111.0,171.0,165.0
"FUNDACION UNIVERSIDAD DE BOGOTA""JORGE TADEO LOZANO""-BOGOTÁ D.C.",PUBLICIDAD,BOGOTÁ,137.0,114.0,148.0,173.0,141.0
FUNDACION UNIVERSITARIA AGRARIA DE COLOMBIA -UNIAGRARIA-BOGOTÁ D.C.,INGENIERIA CIVIL,BOGOTÁ,161.0,150.5,130.5,155.0,155.0
FUNDACION UNIVERSITARIA AGRARIA DE COLOMBIA -UNIAGRARIA-BOGOTÁ D.C.,MEDICINA VETERINARIA,BOGOTÁ,189.0,152.0,141.0,135.0,147.0
FUNDACION UNIVERSITARIA CATOLICA DEL NORTE-SANTA ROSA DE OSOS,LICENCIATURA EN FILOSOFIA Y EDUCACION RELIGIOSA,ANTIOQUIA,128.0,,131.0,147.0,154.0
FUNDACION UNIVERSITARIA CATOLICA DEL NORTE-SANTA ROSA DE OSOS,TRABAJO SOCIAL,ANTIOQUIA,131.0,170.0,132.0,165.0,143.0
FUNDACION UNIVERSITARIA DE CIENCIAS DE LA SALUD-BOGOTÁ D.C.,MEDICINA,BOGOTÁ,168.0,0.0,150.0,164.0,166.0
FUNDACION UNIVERSITARIA DE CIENCIAS DE LA SALUD-BOGOTÁ D.C.,PSICOLOGÍA,BOGOTÁ,121.0,129.0,144.0,160.0,145.0
FUNDACION UNIVERSITARIA DE SAN GIL - UNISANGIL -SAN GIL,INGENIERIA AMBIENTAL,SANTANDER,169.0,149.0,155.0,127.0,124.0
FUNDACION UNIVERSITARIA DEL AREA ANDINA-BOGOTÁ D.C.,ADMINISTRACIÓN DE EMPRESAS,BOGOTÁ,148.77777777777777,142.22222222222223,154.22222222222223,136.44444444444446,150.33333333333334
FUNDACION UNIVERSITARIA DEL AREA ANDINA-BOGOTÁ D.C.,ENFERMERIA,BOGOTÁ,158.0,139.0,157.0,146.0,168.0
FUNDACION UNIVERSITARIA DEL AREA ANDINA-BOGOTÁ D.C.,INGENIERIA DE MINAS,BOGOTÁ,143.25,126.125,135.41666666666666,138.70833333333334,136.95833333333334
FUNDACION UNIVERSITARIA DEL AREA ANDINA-BOGOTÁ D.C.,INGENIERIA DE SISTEMAS,BOGOTÁ,151.0,127.0,153.0,160.0,131.0
FUNDACION UNIVERSITARIA DEL AREA ANDINA-BOGOTÁ D.C.,INGENIERÍA GEOLÓGICA,BOGOTÁ,157.0,180.0,171.0,165.0,154.0
FUNDACION UNIVERSITARIA DEL AREA ANDINA-BOGOTÁ D.C.,LICENCIATURA EN CIENCIAS SOCIALES,BOGOTÁ,145.0,176.0,159.0,140.0,148.0
FUNDACION UNIVERSITARIA DEL AREA ANDINA-BOGOTÁ D.C.,LICENCIATURA EN PEDAGOGÍA INFANTIL,BOGOTÁ,140.0,138.0,114.0,138.0,109.0
FUNDACION UNIVERSITARIA DEL AREA ANDINA-BOGOTÁ D.C.,PROFESIONAL EN ENTRENAMIENTO DEPORTIVO,BOGOTÁ,137.0,106.0,133.0,138.0,134.0
FUNDACION UNIVERSITARIA DEL AREA ANDINA-BOGOTÁ D.C.,PSICOLOGÍA,BOGOTÁ,119.0,96.0,151.0,132.0,161.0
FUNDACION UNIVERSITARIA EMPRESARIAL DE LA CAMARA DE COMERCIO DE Bogotá -BOGOTÁ D.C.,INGENIERIA DE SOFTWARE,BOGOTÁ,196.0,167.0,185.0,219.0,191.0
FUNDACION UNIVERSITARIA HORIZONTE-BOGOTÁ D.C.,INGENIERIA EN SEGURIDAD INDUSTRIAL E HIGIENE OCUPACIONAL,BOGOTÁ,135.28571428571428,126.57142857142857,131.57142857142858,137.71428571428572,127.71428571428571
FUNDACION UNIVERSITARIA JUAN DE CASTELLANOS-TUNJA,CONTADURIA PUBLICA,BOYACA,163.0,173.0,146.0,150.0,165.0
FUNDACION UNIVERSITARIA JUAN DE CASTELLANOS-TUNJA,DERECHO,BOYACA,134.0,172.5,154.0,128.0,127.0
FUNDACION UNIVERSITARIA JUAN DE CASTELLANOS-TUNJA,INGENIERIA DE SISTEMAS,BOYACA,90.0,135.0,101.0,125.0,94.0
FUNDACION UNIVERSITARIA JUAN DE CASTELLANOS-TUNJA,INGENIERÍA CIVIL,BOYACA,136.0,118.33333333333333,122.33333333333333,118.66666666666667,133.0
FUNDACION UNIVERSITARIA JUAN DE CASTELLANOS-TUNJA,"LICENCIATURA EN EDUCACION FISICA, RECREACION Y DEPORTES",BOYACA,127.9,131.9,131.5,146.7,115.5
FUNDACION UNIVERSITARIA JUAN DE CASTELLANOS-TUNJA,MEDICINA VETERINARIA,BOYACA,149.0,130.33333333333334,132.0,156.33333333333334,138.33333333333334
FUNDACION UNIVERSITARIA JUAN DE CASTELLANOS-TUNJA,MÚSICA,BOYACA,160.0,103.0,161.0,132.0,155.0
FUNDACION UNIVERSITARIA JUAN DE CASTELLANOS-TUNJA,TRABAJO SOCIAL,BOYACA,129.06666666666666,147.26666666666668,147.06666666666666,144.26666666666668,143.93333333333334
FUNDACION UNIVERSITARIA JUAN N. CORPAS-BOGOTÁ D.C.,MEDICINA,BOGOTÁ,139.75,128.75,167.0,167.0,155.5
FUNDACION UNIVERSITARIA KONRAD LORENZ-BOGOTÁ D.C.,INGENIERIA DE SISTEMAS,BOGOTÁ,191.0,0.0,133.0,169.0,148.0
FUNDACION UNIVERSITARIA KONRAD LORENZ-BOGOTÁ D.C.,PSICOLOGIA,BOGOTÁ,161.5,142.0,185.5,165.5,195.5
FUNDACION UNIVERSITARIA LOS LIBERTADORES-BOGOTÁ D.C.,LICENCIATURA EN EDUCACION ESPECIAL,BOGOTÁ,104.0,115.0,162.0,143.0,146.0
FUNDACION UNIVERSITARIA NAVARRA - UNINAVARRA-NEIVA,DERECHO,HUILA,151.0,151.0,146.0,162.0,155.0
INSTITUCION UNIVERSITARIA COLEGIOS DE COLOMBIA -UNICOC-BOGOTÁ D.C.,ODONTOLOGIA,BOGOTÁ,128.75,111.25,140.25,158.75,128.0
INSTITUTO UNIVERSITARIO DE LA PAZ-BARRANCABERMEJA,INGENIERIA EN HIGIENE Y SEGURIDAD INDUSTRIAL,SANTANDER,127.0,140.0,116.0,133.0,122.0
POLITECNICO GRANCOLOMBIANO-BOGOTÁ D.C.,ADMINISTRACION PUBLICA,BOGOTÁ,131.25,139.25,138.0,150.0,157.75
POLITECNICO GRANCOLOMBIANO-BOGOTÁ D.C.,ADMINISTRACIÓN DE EMPRESAS,BOGOTÁ,136.27272727272728,135.8409090909091,139.95454545454547,137.86363636363637,133.63636363636363
POLITECNICO GRANCOLOMBIANO-BOGOTÁ D.C.,CONTADURIA PUBLICA,BOGOTÁ,141.83333333333334,120.83333333333333,141.08333333333334,138.5,139.0
POLITECNICO GRANCOLOMBIANO-BOGOTÁ D.C.,ECONOMÍA,BOGOTÁ,142.0,156.0,168.0,143.0,159.0
POLITECNICO GRANCOLOMBIANO-BOGOTÁ D.C.,INGENIERIA DE SISTEMAS,BOGOTÁ,103.0,130.0,98.0,150.0,105.0
POLITECNICO GRANCOLOMBIANO-BOGOTÁ D.C.,INGENIERIA INDUSTRIAL,BOGOTÁ,168.6,127.0,162.4,154.4,174.2
POLITECNICO GRANCOLOMBIANO-BOGOTÁ D.C.,INGENIERÍA DE SOFTWARE,BOGOTÁ,174.5,163.0,143.75,131.25,143.25
POLITECNICO GRANCOLOMBIANO-BOGOTÁ D.C.,INGENIERÍA INDUSTRIAL,BOGOTÁ,139.32926829268294,129.7560975609756,133.97560975609755,140.6829268292683,132.7439024390244
POLITECNICO GRANCOLOMBIANO-BOGOTÁ D.C.,LICENCIATURA EN CIENCIAS SOCIALES,BOGOTÁ,108.0,97.0,149.0,126.0,164.0
POLITECNICO GRANCOLOMBIANO-BOGOTÁ D.C.,MERCADEO Y PUBLICIDAD,BOGOTÁ,160.0,144.0,148.0,175.0,166.0
POLITECNICO GRANCOLOMBIANO-BOGOTÁ D.C.,NEGOCIOS INTERNACIONALES,BOGOTÁ,115.0,141.0,129.0,125.0,121.0
POLITECNICO GRANCOLOMBIANO-BOGOTÁ D.C.,PROFESIONAL EN GESTIÓN DE LA SEGURIDAD Y LA SALUD LABORAL,BOGOTÁ,131.55102040816325,122.83673469387755,130.75510204081633,137.14285714285714,131.51020408163265
POLITECNICO GRANCOLOMBIANO-BOGOTÁ D.C.,PSICOLOGÍA,BOGOTÁ,128.85714285714286,138.71428571428572,145.71428571428572,144.07142857142858,141.82142857142858
PONTIFICIA UNIVERSIDAD JAVERIANA-BOGOTÁ D.C.,ADMINISTRACION DE EMPRESAS,BOGOTÁ,211.0,167.0,185.0,199.0,183.0
PONTIFICIA UNIVERSIDAD JAVERIANA-BOGOTÁ D.C.,ARQUITECTURA,BOGOTÁ,202.0,125.0,199.0,199.0,212.0
PONTIFICIA UNIVERSIDAD JAVERIANA-BOGOTÁ D.C.,ARTES VISUALES,BOGOTÁ,171.0,132.0,191.0,185.0,172.0
PONTIFICIA UNIVERSIDAD JAVERIANA-BOGOTÁ D.C.,BACTERIOLOGIA,BOGOTÁ,119.0,80.0,118.0,175.0,149.0
PONTIFICIA UNIVERSIDAD JAVERIANA-BOGOTÁ D.C.,CIENCIA POLITICA,BOGOTÁ,169.0,185.0,187.0,189.0,201.0
PONTIFICIA UNIVERSIDAD JAVERIANA-BOGOTÁ D.C.,CONTADURIA PUBLICA,BOGOTÁ,154.0,154.0,147.0,142.0,72.0
PONTIFICIA UNIVERSIDAD JAVERIANA-BOGOTÁ D.C.,DERECHO,BOGOTÁ,174.33333333333334,145.0,199.66666666666666,201.66666666666666,202.33333333333334
PONTIFICIA UNIVERSIDAD JAVERIANA-BOGOTÁ D.C.,ECONOMIA,BOGOTÁ,213.0,151.0,205.0,185.0,180.0
PONTIFICIA UNIVERSIDAD JAVERIANA-BOGOTÁ D.C.,ESTUDIOS LITERARIOS,BOGOTÁ,124.0,177.0,202.0,198.0,194.0
PONTIFICIA UNIVERSIDAD JAVERIANA-BOGOTÁ D.C.,INGENIERIA CIVIL,BOGOTÁ,200.66666666666666,119.0,199.66666666666666,191.66666666666666,193.0
PONTIFICIA UNIVERSIDAD JAVERIANA-BOGOTÁ D.C.,INGENIERIA ELECTRONICA,BOGOTÁ,212.5,127.0,160.0,161.0,170.5
PONTIFICIA UNIVERSIDAD JAVERIANA-BOGOTÁ D.C.,INGENIERIA INDUSTRIAL,BOGOTÁ,200.66666666666666,160.66666666666666,189.66666666666666,194.0,190.33333333333334
PONTIFICIA UNIVERSIDAD JAVERIANA-BOGOTÁ D.C.,LICENCIATURA EN TEOLOGIA,BOGOTÁ,180.0,85.0,183.0,174.0,179.5
PONTIFICIA UNIVERSIDAD JAVERIANA-BOGOTÁ D.C.,MEDICINA,BOGOTÁ,187.33333333333334,202.0,187.0,204.5,176.0
PONTIFICIA UNIVERSIDAD JAVERIANA-BOGOTÁ D.C.,MICROBIOLOGIA INDUSTRIAL,BOGOTÁ,176.0,148.0,169.0,162.0,156.0
PONTIFICIA UNIVERSIDAD JAVERIANA-CALI,MEDICINA,VALLE,193.0,176.0,193.66666666666666,226.33333333333334,196.0
UNIDADES TECNOLOGICAS DE SANTANDER-BUCARAMANGA,INGENIERÍA ELECTROMECÁNICA,SANTANDER,139.0,142.0,103.0,130.0,135.0
UNIDADES TECNOLOGICAS DE SANTANDER-BUCARAMANGA,PROFESIONAL EN ACTIVIDAD FISICA Y DEPORTE,SANTANDER,145.0,95.0,148.0,155.0,156.0
UNIPANAMERICANA - FUNDACION UNIVERSITARIA PANAMERICANA-BOGOTÁ D.C.,ADMINISTRACIÓN EN SERVICIOS DE SALUD,BOGOTÁ,120.0,157.0,130.0,155.0,147.0
UNIVERSIDAD ANTONIO NARIÑO-BOGOTÁ D.C.,COMERCIO INTERNACIONAL,BOGOTÁ,130.0,132.5,139.5,150.0,122.0
UNIVERSIDAD ANTONIO NARIÑO-BOGOTÁ D.C.,CONTADURIA PUBLICA,BOGOTÁ,139.28571428571428,104.57142857142857,131.0,139.28571428571428,144.28571428571428
UNIVERSIDAD ANTONIO NARIÑO-BOGOTÁ D.C.,DERECHO,BOGOTÁ,145.92,145.48,153.12,149.96,159.6
UNIVERSIDAD ANTONIO NARIÑO-BOGOTÁ D.C.,ENFERMERIA,BOGOTÁ,117.33333333333333,133.33333333333334,136.66666666666666,117.0,137.33333333333334
UNIVERSIDAD ANTONIO NARIÑO-BOGOTÁ D.C.,INGENIERIA CIVIL,BOGOTÁ,178.33333333333334,132.5,155.5,142.66666666666666,139.0
UNIVERSIDAD ANTONIO NARIÑO-BOGOTÁ D.C.,INGENIERIA ELECTROMECANICA,BOGOTÁ,158.54545454545453,136.27272727272728,140.9090909090909,146.1818181818182,150.36363636363637
UNIVERSIDAD ANTONIO NARIÑO-BOGOTÁ D.C.,INGENIERIA ELECTRONICA,BOGOTÁ,165.0,148.0,159.33333333333334,138.66666666666666,115.0
UNIVERSIDAD ANTONIO NARIÑO-BOGOTÁ D.C.,INGENIERIA INDUSTRIAL,BOGOTÁ,152.64285714285714,134.71428571428572,138.78571428571428,152.71428571428572,133.92857142857142
UNIVERSIDAD ANTONIO NARIÑO-BOGOTÁ D.C.,MEDICINA VETERINARIA,BOGOTÁ,142.0,157.0,183.0,140.0,132.0
UNIVERSIDAD ANTONIO NARIÑO-BOGOTÁ D.C.,ODONTOLOGIA,BOGOTÁ,127.0,79.0,156.0,140.0,162.0
UNIVERSIDAD ANTONIO NARIÑO-BOGOTÁ D.C.,PSICOLOGIA,BOGOTÁ,95.0,157.0,148.0,132.0,149.5
UNIVERSIDAD AUTONOMA DE BUCARAMANGA-UNAB-BUCARAMANGA,ADMINISTRACION DE EMPRESAS,SANTANDER,177.0,135.0,164.0,197.0,184.0
UNIVERSIDAD AUTONOMA DEL CARIBE-BARRANQUILLA,DISEÑO DE MODAS,ATLANTICO,161.0,135.0,160.0,130.0,168.0
UNIVERSIDAD CATOLICA DE COLOMBIA-BOGOTÁ D.C.,DERECHO,BOGOTÁ,140.5,146.5,151.0,163.0,144.0
UNIVERSIDAD CATOLICA DE COLOMBIA-BOGOTÁ D.C.,INGENIERÍA CIVIL,BOGOTÁ,180.0,148.5,163.0,161.0,169.0
UNIVERSIDAD CATOLICA DE COLOMBIA-BOGOTÁ D.C.,PSICOLOGIA,BOGOTÁ,118.0,119.0,124.0,168.0,144.0
UNIVERSIDAD CATOLICA DE MANIZALES-MANIZALES,INGENIERIA AMBIENTAL,CALDAS,146.0,139.0,138.0,168.0,104.0
UNIVERSIDAD CATOLICA DE PEREIRA-PEREIRA,INGENIERÍA INDUSTRIAL,RISARALDA,131.0,132.0,117.0,142.0,118.0
UNIVERSIDAD CENTRAL-BOGOTÁ D.C.,ESTUDIOS MUSICALES,BOGOTÁ,161.0,150.0,168.0,155.0,177.0
UNIVERSIDAD CES-MEDELLIN,QUIMICA FARMACEUTICA,ANTIOQUIA,197.0,170.0,188.0,199.0,172.0
UNIVERSIDAD COOPERATIVA DE COLOMBIA-BOGOTÁ D.C.,ADMINISTRACION DE EMPRESAS,BOGOTÁ,128.0,156.0,148.0,117.0,120.0
UNIVERSIDAD COOPERATIVA DE COLOMBIA-BOGOTÁ D.C.,CONTADURIA PUBLICA,BOGOTÁ,128.0,100.0,99.0,137.0,96.0
UNIVERSIDAD COOPERATIVA DE COLOMBIA-BOGOTÁ D.C.,INGENIERIA CIVIL,BOGOTÁ,173.0,123.0,168.0,171.0,137.0
UNIVERSIDAD COOPERATIVA DE COLOMBIA-BUCARAMANGA,MEDICINA VETERINARIA Y ZOOTECNIA,SANTANDER,136.0,126.0,153.0,153.0,169.0
UNIVERSIDAD COOPERATIVA DE COLOMBIA-SANTA MARTA,MEDICINA,MAGDALENA,139.0,177.0,140.0,165.0,147.0
UNIVERSIDAD DE ANTIOQUIA-MEDELLIN,INGENIERIA INDUSTRIAL,ANTIOQUIA,128.0,98.0,119.0,171.0,121.0
UNIVERSIDAD DE BOYACA - UNIBOYACA-TUNJA,ADMINISTRACION DE EMPRESAS,BOYACA,146.1304347826087,142.02173913043478,142.6304347826087,155.52173913043478,137.67391304347825
UNIVERSIDAD DE BOYACA - UNIBOYACA-TUNJA,ADMINISTRACION Y NEGOCIOS INTERNACIONALES,BOYACA,135.8,139.0,134.4,163.2,129.2
UNIVERSIDAD DE BOYACA - UNIBOYACA-TUNJA,ARQUITECTURA,BOYACA,146.98657718120805,141.81879194630872,143.13422818791946,157.58389261744966,139.08053691275168
UNIVERSIDAD DE BOYACA - UNIBOYACA-TUNJA,BACTERIOLOGIA Y LABORATORIO CLINICO,BOYACA,156.88888888888889,155.44444444444446,152.0,165.33333333333334,142.22222222222223
UNIVERSIDAD DE BOYACA - UNIBOYACA-TUNJA,COMUNICACION SOCIAL,BOYACA,145.8181818181818,129.72727272727272,165.27272727272728,166.27272727272728,153.1818181818182
UNIVERSIDAD DE BOYACA - UNIBOYACA-TUNJA,CONTADURIA PUBLICA,BOYACA,160.0,128.0,142.0,129.0,153.0
UNIVERSIDAD DE BOYACA - UNIBOYACA-TUNJA,DERECHO Y CIENCIAS POLITICAS,BOYACA,141.52803738317758,149.65420560747663,154.38785046728972,154.2289719626168,157.67757009345794
UNIVERSIDAD DE BOYACA - UNIBOYACA-TUNJA,DISEÑO DE MODAS,BOYACA,120.0,137.0,140.0,152.5,130.5
UNIVERSIDAD DE BOYACA - UNIBOYACA-TUNJA,DISEÑO GRAFICO,BOYACA,153.66666666666666,147.33333333333334,146.0,172.33333333333334,151.0
UNIVERSIDAD DE BOYACA - UNIBOYACA-TUNJA,ENFERMERÍA,BOYACA,135.46153846153845,122.15384615384616,142.0,137.3846153846154,147.84615384615384
UNIVERSIDAD DE BOYACA - UNIBOYACA-TUNJA,FISIOTERAPIA,BOYACA,144.8,149.2,143.0,160.2,149.0
UNIVERSIDAD DE BOYACA - UNIBOYACA-TUNJA,INGENIERIA AMBIENTAL,BOYACA,153.3082191780822,139.93661971830986,141.9794520547945,150.28082191780823,139.486301369863
UNIVERSIDAD DE BOYACA - UNIBOYACA-TUNJA,INGENIERIA DE SISTEMAS,BOYACA,156.0,154.0,151.75,152.75,147.75
UNIVERSIDAD DE BOYACA - UNIBOYACA-TUNJA,INGENIERIA INDUSTRIAL,BOYACA,158.78787878787878,144.78787878787878,149.4848484848485,151.54545454545453,146.1818181818182
UNIVERSIDAD DE BOYACA - UNIBOYACA-TUNJA,INGENIERIA SANITARIA,BOYACA,162.46153846153845,140.75,154.69230769230768,156.46153846153845,138.84615384615384
UNIVERSIDAD DE BOYACA - UNIBOYACA-TUNJA,INGENIERÍA MECATRÓNICA,BOYACA,173.42857142857142,148.42857142857142,145.28571428571428,169.85714285714286,119.85714285714286
UNIVERSIDAD DE BOYACA - UNIBOYACA-TUNJA,INSTRUMENTACION QUIRURGICA,BOYACA,153.71428571428572,124.85714285714286,152.0,153.42857142857142,157.28571428571428
UNIVERSIDAD DE BOYACA - UNIBOYACA-TUNJA,LICENCIATURA EN PEDAGOGÍA INFANTIL,BOYACA,151.0,129.0,174.0,172.0,169.0
UNIVERSIDAD DE BOYACA - UNIBOYACA-TUNJA,MEDICINA,BOYACA,165.05555555555554,148.11111111111111,163.27777777777777,168.44444444444446,150.16666666666666
UNIVERSIDAD DE BOYACA - UNIBOYACA-TUNJA,PSICOLOGIA,BOYACA,136.25675675675674,154.8918918918919,154.40540540540542,151.94594594594594,148.93243243243242
UNIVERSIDAD DE CALDAS-MANIZALES,ANTROPOLOGIA,CALDAS,144.0,300.0,209.0,121.0,209.0
UNIVERSIDAD DE CALDAS-MANIZALES,SOCIOLOGIA,CALDAS,177.0,174.0,191.0,191.0,188.0
UNIVERSIDAD DE CIENCIAS APLICADAS Y AMBIENTALES UDCA.-BOGOTÁ D.C.,CIENCIAS AMBIENTALES,BOGOTÁ,133.0,129.0,161.0,136.0,116.0
UNIVERSIDAD DE CIENCIAS APLICADAS Y AMBIENTALES UDCA.-BOGOTÁ D.C.,ENFERMERIA,BOGOTÁ,122.0,167.0,172.0,156.0,160.0
UNIVERSIDAD DE CIENCIAS APLICADAS Y AMBIENTALES UDCA.-BOGOTÁ D.C.,MEDICINA,BOGOTÁ,170.0,165.0,208.0,203.0,181.0
UNIVERSIDAD DE CIENCIAS APLICADAS Y AMBIENTALES UDCA.-BOGOTÁ D.C.,MEDICINA VETERINARIA Y ZOOTECNIA,BOGOTÁ,134.0,170.0,147.0,161.0,125.0
UNIVERSIDAD DE CIENCIAS APLICADAS Y AMBIENTALES UDCA.-BOGOTÁ D.C.,QUIMICA FARMACEUTICA,BOGOTÁ,160.0,136.0,154.0,146.0,91.0
UNIVERSIDAD DE CUNDINAMARCA-UDEC-FUSAGASUGA,CONTADURIA PUBLICA,CUNDINAMARCA,129.0,161.0,151.0,163.0,181.0
UNIVERSIDAD DE CUNDINAMARCA-UDEC-GIRARDOT,ENFERMERIA,CUNDINAMARCA,144.0,111.0,160.5,151.5,166.0
UNIVERSIDAD DE CUNDINAMARCA-UDEC-UBATE,ADMINISTRACION DE EMPRESAS,CUNDINAMARCA,155.0,131.0,194.0,182.0,155.0
UNIVERSIDAD DE INVESTIGACION Y DESARROLLO - UDI - BUCARAMANGA,INGENIERÍA CIVIL,SANTANDER,153.0,128.0,124.0,116.0,152.0
UNIVERSIDAD DE LA SABANA-CHIA,ADMINISTRACION DE NEGOCIOS INTERNACIONALES,CUNDINAMARCA,216.0,189.0,191.0,199.0,207.0
UNIVERSIDAD DE LA SABANA-CHIA,COMUNICACION AUDIOVISUAL Y MULTIMEDIOS,CUNDINAMARCA,186.0,202.0,170.0,212.0,164.0
UNIVERSIDAD DE LA SABANA-CHIA,DERECHO,CUNDINAMARCA,169.0,204.5,194.5,186.0,190.0
UNIVERSIDAD DE LA SABANA-CHIA,GASTRONOMIA,CUNDINAMARCA,201.0,138.0,162.0,181.0,171.0
UNIVERSIDAD DE LA SABANA-CHIA,INGENIERIA INDUSTRIAL,CUNDINAMARCA,171.0,165.0,179.0,193.0,189.5
UNIVERSIDAD DE LA SABANA-CHIA,INGENIERIA QUIMICA,CUNDINAMARCA,181.66666666666666,164.33333333333334,205.66666666666666,197.0,185.33333333333334
UNIVERSIDAD DE LA SABANA-CHIA,INGENIERÍA CIVIL,CUNDINAMARCA,224.5,190.83333333333334,180.66666666666666,195.16666666666666,180.66666666666666
UNIVERSIDAD DE LA SALLE-BOGOTÁ D.C.,ARQUITECTURA,BOGOTÁ,189.0,124.0,183.0,176.0,177.0
UNIVERSIDAD DE LA SALLE-BOGOTÁ D.C.,FILOSOFIA Y LETRAS,BOGOTÁ,86.0,184.0,142.0,132.0,139.0
UNIVERSIDAD DE LA SALLE-BOGOTÁ D.C.,FINANZAS Y COMERCIO INTERNACIONAL,BOGOTÁ,169.0,161.0,154.0,168.0,163.0
UNIVERSIDAD DE LA SALLE-BOGOTÁ D.C.,INGENIERIA AMBIENTAL Y SANITARIA,BOGOTÁ,163.0,134.33333333333334,151.0,181.33333333333334,166.33333333333334
UNIVERSIDAD DE LA SALLE-BOGOTÁ D.C.,INGENIERIA CIVIL,BOGOTÁ,178.33333333333334,151.0,165.33333333333334,178.33333333333334,183.33333333333334
UNIVERSIDAD DE LA SALLE-BOGOTÁ D.C.,INGENIERIA ELECTRICA,BOGOTÁ,197.0,165.0,182.5,191.0,168.0
UNIVERSIDAD DE LA SALLE-BOGOTÁ D.C.,NEGOCIOS Y RELACIONES INTERNACIONALES,BOGOTÁ,144.33333333333334,147.0,172.0,186.0,181.66666666666666
UNIVERSIDAD DE LA SALLE-BOGOTÁ D.C.,OPTOMETRÍA,BOGOTÁ,168.5,164.5,177.0,172.0,167.0
UNIVERSIDAD DE LA SALLE-BOGOTÁ D.C.,TRABAJO SOCIAL,BOGOTÁ,170.0,238.0,186.0,188.5,184.0
UNIVERSIDAD DE LA SALLE-BOGOTÁ D.C.,ZOOTECNIA,BOGOTÁ,185.0,201.0,173.0,145.0,166.0
UNIVERSIDAD DE LOS ANDES-BOGOTÁ D.C.,ARQUITECTURA,BOGOTÁ,162.0,184.0,178.0,202.0,192.0
UNIVERSIDAD DE LOS ANDES-BOGOTÁ D.C.,DERECHO,BOGOTÁ,191.0,192.0,214.0,210.0,224.0
UNIVERSIDAD DE LOS ANDES-BOGOTÁ D.C.,INGENIERIA AMBIENTAL,BOGOTÁ,200.0,122.0,185.0,183.0,196.0
UNIVERSIDAD DE LOS ANDES-BOGOTÁ D.C.,INGENIERIA BIOMEDICA,BOGOTÁ,205.0,136.0,226.0,220.0,200.0
UNIVERSIDAD DE LOS ANDES-BOGOTÁ D.C.,INGENIERIA CIVIL,BOGOTÁ,203.0,156.85714285714286,169.28571428571428,204.57142857142858,194.28571428571428
UNIVERSIDAD DE LOS ANDES-BOGOTÁ D.C.,INGENIERIA DE SISTEMAS Y COMPUTACION,BOGOTÁ,206.0,171.0,156.0,210.0,182.0
UNIVERSIDAD DE LOS ANDES-BOGOTÁ D.C.,INGENIERIA ELECTRICA,BOGOTÁ,228.0,179.0,223.0,214.0,202.0
UNIVERSIDAD DE LOS ANDES-BOGOTÁ D.C.,INGENIERIA INDUSTRIAL,BOGOTÁ,213.8,178.2,186.0,195.2,190.0
UNIVERSIDAD DE LOS ANDES-BOGOTÁ D.C.,INGENIERIA MECANICA,BOGOTÁ,205.0,169.25,198.25,227.5,173.5
UNIVERSIDAD DE LOS ANDES-BOGOTÁ D.C.,INGENIERIA QUIMICA,BOGOTÁ,188.0,185.0,209.0,192.0,222.0
UNIVERSIDAD DE LOS ANDES-BOGOTÁ D.C.,MUSICA,BOGOTÁ,148.0,177.0,171.0,182.0,161.0
UNIVERSIDAD DE LOS ANDES-BOGOTÁ D.C.,PSICOLOGIA,BOGOTÁ,173.0,190.0,205.0,209.0,204.0
UNIVERSIDAD DE MEDELLIN-MEDELLIN,INGENIERIA CIVIL,ANTIOQUIA,182.0,163.0,165.0,152.0,172.0
UNIVERSIDAD DE PAMPLONA-PAMPLONA,ADMINISTRACION DE EMPRESAS,NORTE SANTANDER,128.0,129.0,135.0,103.0,130.0
UNIVERSIDAD DE PAMPLONA-PAMPLONA,ARQUITECTURA,NORTE SANTANDER,142.1,96.1,154.0,135.0,146.0
UNIVERSIDAD DE PAMPLONA-PAMPLONA,COMUNICACION SOCIAL,NORTE SANTANDER,164.0,161.0,200.0,176.0,184.0
UNIVERSIDAD DE PAMPLONA-PAMPLONA,CONTADURIA PUBLICA,NORTE SANTANDER,170.0,134.0,155.0,135.0,118.0
UNIVERSIDAD DE PAMPLONA-PAMPLONA,DERECHO,NORTE SANTANDER,125.5,165.5,131.0,136.5,140.0
UNIVERSIDAD DE PAMPLONA-PAMPLONA,DISEÑO INDUSTRIAL,NORTE SANTANDER,151.0,159.0,130.0,154.0,159.0
UNIVERSIDAD DE PAMPLONA-PAMPLONA,FISICA,NORTE SANTANDER,156.0,149.0,164.0,152.0,165.0
UNIVERSIDAD DE PAMPLONA-PAMPLONA,FONOAUDIOLOGIA,NORTE SANTANDER,172.0,120.0,159.0,181.0,173.0
UNIVERSIDAD DE PAMPLONA-PAMPLONA,INGENIERIA AGRONOMICA,NORTE SANTANDER,104.0,126.0,105.0,126.0,126.0
UNIVERSIDAD DE PAMPLONA-PAMPLONA,INGENIERIA AMBIENTAL,NORTE SANTANDER,156.0,131.4,157.2,134.6,138.0
UNIVERSIDAD DE PAMPLONA-PAMPLONA,INGENIERIA CIVIL,NORTE SANTANDER,157.25,90.0,136.5,137.5,130.25
UNIVERSIDAD DE PAMPLONA-PAMPLONA,INGENIERIA DE ALIMENTOS,NORTE SANTANDER,164.0,132.0,146.0,168.0,155.0
UNIVERSIDAD DE PAMPLONA-PAMPLONA,INGENIERIA ELECTRICA,NORTE SANTANDER,161.5,131.0,125.0,148.0,111.5
UNIVERSIDAD DE PAMPLONA-PAMPLONA,INGENIERIA INDUSTRIAL,NORTE SANTANDER,158.33333333333334,115.0,155.66666666666666,142.66666666666666,144.66666666666666
UNIVERSIDAD DE PAMPLONA-PAMPLONA,INGENIERIA MECATRONICA,NORTE SANTANDER,194.0,133.33333333333334,189.66666666666666,158.0,194.66666666666666
UNIVERSIDAD DE PAMPLONA-PAMPLONA,INGENIERIA QUIMICA,NORTE SANTANDER,172.0,155.0,134.5,151.0,125.0
UNIVERSIDAD DE PAMPLONA-PAMPLONA,LICENCIATURA  PEDAGOGIA INFANTIL,NORTE SANTANDER,153.33333333333334,120.0,162.0,143.33333333333334,146.66666666666666
UNIVERSIDAD DE PAMPLONA-PAMPLONA,LICENCIATURA EN CIENCIAS SOCIALES Y DESARROLLO LOCAL,NORTE SANTANDER,85.0,91.0,113.0,122.0,128.0
UNIVERSIDAD DE PAMPLONA-PAMPLONA,"LICENCIATURA EN EDUCACION BASICA CON ENFASIS EN EDUCACION FISICA, RECREACION Y DEPORTES",NORTE SANTANDER,133.25,128.25,127.75,138.5,133.75
UNIVERSIDAD DE PAMPLONA-PAMPLONA,LICENCIATURA EN LENGUA CASTELLANA Y COMUNICACION,NORTE SANTANDER,117.0,127.0,122.0,147.0,138.0
UNIVERSIDAD DE PAMPLONA-PAMPLONA,LICENCIATURA EN LENGUAS EXTRANJERAS: INGLES-FRANCES,NORTE SANTANDER,191.0,122.0,188.0,216.0,160.0
UNIVERSIDAD DE PAMPLONA-PAMPLONA,MEDICINA,NORTE SANTANDER,157.33333333333334,160.33333333333334,144.66666666666666,155.0,132.66666666666666
UNIVERSIDAD DE PAMPLONA-PAMPLONA,NUTRICION Y DIETETICA,NORTE SANTANDER,165.66666666666666,123.0,166.66666666666666,157.66666666666666,134.0
UNIVERSIDAD DE PAMPLONA-PAMPLONA,PSICOLOGIA,NORTE SANTANDER,124.5,101.75,145.25,144.25,150.75
UNIVERSIDAD DE PAMPLONA-PAMPLONA,ZOOTECNIA,NORTE SANTANDER,124.0,149.0,158.0,142.0,159.0
UNIVERSIDAD DE SAN BUENAVENTURA-BOGOTÁ D.C.,INGENIERÍA MULTIMEDIA,BOGOTÁ,158.0,100.5,163.5,158.0,149.5
UNIVERSIDAD DE SANTANDER - UDES-BUCARAMANGA,INGENIERIA CIVIL,SANTANDER,119.0,177.0,138.0,133.0,115.0
UNIVERSIDAD DE SANTANDER - UDES-BUCARAMANGA,MICROBIOLOGIA INDUSTRIAL,SANTANDER,149.0,178.0,148.0,157.0,147.0
UNIVERSIDAD DEL ATLANTICO-BARRANQUILLA,DERECHO,ATLANTICO,129.0,180.0,133.0,133.0,65.0
UNIVERSIDAD DEL QUINDIO-ARMENIA,CIENCIAS DE LA INFORMACION Y LA DOCUMENTACION,QUINDIO,167.5,165.5,167.5,190.5,177.5
"UNIVERSIDAD DISTRITAL""FRANCISCO JOSE DE CALDAS""-BOGOTÁ D.C.",ADMINISTRACION AMBIENTAL,BOGOTÁ,146.0,173.0,134.0,163.0,175.0
"UNIVERSIDAD DISTRITAL""FRANCISCO JOSE DE CALDAS""-BOGOTÁ D.C.",INGENIERÍA SANITARIA,BOGOTÁ,148.0,129.0,185.0,181.0,168.0
UNIVERSIDAD EAN-BOGOTÁ D.C.,ADMINISTRACION DE EMPRESAS,BOGOTÁ,173.0,173.0,194.0,133.0,158.0
UNIVERSIDAD EAN-BOGOTÁ D.C.,INGENIERIA DE PRODUCCION,BOGOTÁ,149.0,133.0,181.0,153.0,154.0
UNIVERSIDAD EAN-BOGOTÁ D.C.,LENGUAS MODERNAS,BOGOTÁ,127.5,153.5,192.5,252.0,176.5
UNIVERSIDAD EAN-BOGOTÁ D.C.,MERCADEO,BOGOTÁ,100.0,0.0,120.0,101.0,113.0
UNIVERSIDAD ECCI-BOGOTÁ D.C.,INGENIERIA AMBIENTAL,BOGOTÁ,146.0,124.0,117.0,148.0,143.0
UNIVERSIDAD ECCI-BOGOTÁ D.C.,INGENIERIA INDUSTRIAL,BOGOTÁ,136.0,125.0,117.0,132.0,116.0
UNIVERSIDAD ECCI-BOGOTÁ D.C.,INGENIERIA MECATRONICA,BOGOTÁ,155.0,141.0,183.0,192.0,161.0
UNIVERSIDAD ECCI-BOGOTÁ D.C.,PROFESIONAL EN GASTRONOMÍA,BOGOTÁ,186.0,160.0,300.0,185.0,198.0
UNIVERSIDAD EL BOSQUE-BOGOTÁ D.C.,ADMINISTRACION DE EMPRESAS,BOGOTÁ,153.0,129.0,151.0,176.0,166.0
UNIVERSIDAD EL BOSQUE-BOGOTÁ D.C.,CONTADURIA PUBLICA,BOGOTÁ,179.5,157.5,152.5,181.5,161.0
UNIVERSIDAD EL BOSQUE-BOGOTÁ D.C.,DISEÑO INDUSTRIAL,BOGOTÁ,132.5,111.0,166.5,173.0,149.5
UNIVERSIDAD EL BOSQUE-BOGOTÁ D.C.,ESTADÍSTICA,BOGOTÁ,154.0,142.0,79.0,136.0,84.0
UNIVERSIDAD EL BOSQUE-BOGOTÁ D.C.,FORMACION MUSICAL,BOGOTÁ,189.0,94.0,155.0,161.0,161.0
UNIVERSIDAD EL BOSQUE-BOGOTÁ D.C.,INGENIERIA AMBIENTAL,BOGOTÁ,158.66666666666666,137.66666666666666,154.66666666666666,185.33333333333334,162.66666666666666
UNIVERSIDAD EL BOSQUE-BOGOTÁ D.C.,INGENIERIA DE SISTEMAS,BOGOTÁ,159.0,166.0,106.0,177.0,89.0
UNIVERSIDAD EL BOSQUE-BOGOTÁ D.C.,LICENCIATURA EN EDUCACIÓN INFANTIL,BOGOTÁ,146.0,110.0,123.0,149.0,116.0
UNIVERSIDAD EL BOSQUE-BOGOTÁ D.C.,MEDICINA,BOGOTÁ,181.0,160.5,160.5,209.0,166.0
UNIVERSIDAD EL BOSQUE-BOGOTÁ D.C.,OPTOMETRIA,BOGOTÁ,176.0,157.0,153.0,161.0,154.0
UNIVERSIDAD EL BOSQUE-BOGOTÁ D.C.,PSICOLOGIA,BOGOTÁ,138.0,151.5,170.0,179.5,172.5
UNIVERSIDAD EL BOSQUE-BOGOTÁ D.C.,QU¿MICA FARMAC¿UTICA,BOGOTÁ,145.0,164.0,165.0,177.0,148.0
UNIVERSIDAD EXTERNADO DE COLOMBIA-BOGOTÁ D.C.,COMUNICACION SOCIAL- PERIODISMO,BOGOTÁ,131.5,125.0,160.5,177.5,169.5
UNIVERSIDAD EXTERNADO DE COLOMBIA-BOGOTÁ D.C.,CONTADURIA PUBLICA,BOGOTÁ,133.0,181.0,144.0,188.0,171.0
UNIVERSIDAD EXTERNADO DE COLOMBIA-BOGOTÁ D.C.,DERECHO,BOGOTÁ,143.66666666666666,176.33333333333334,147.33333333333334,150.33333333333334,121.33333333333333
UNIVERSIDAD EXTERNADO DE COLOMBIA-BOGOTÁ D.C.,FINANZAS Y RELACIONES INTERNACIONALES,BOGOTÁ,132.0,113.0,148.0,184.0,151.0
UNIVERSIDAD EXTERNADO DE COLOMBIA-BOGOTÁ D.C.,PSICOLOGIA,BOGOTÁ,154.0,168.0,158.0,159.0,173.0
UNIVERSIDAD FRANCISCO DE PAULA SANTANDER-CUCUTA,ADMINISTRACION DE EMPRESAS,NORTE SANTANDER,158.0,97.0,131.0,146.0,106.0
UNIVERSIDAD FRANCISCO DE PAULA SANTANDER-CUCUTA,INGENIERIA CIVIL,NORTE SANTANDER,136.0,146.0,103.0,115.0,115.0
UNIVERSIDAD INDUSTRIAL DE SANTANDER-BUCARAMANGA,DERECHO,SANTANDER,176.0,151.25,208.25,187.5,202.75
UNIVERSIDAD INDUSTRIAL DE SANTANDER-BUCARAMANGA,DISEÑO INDUSTRIAL,SANTANDER,185.0,168.0,180.0,183.0,174.0
UNIVERSIDAD INDUSTRIAL DE SANTANDER-BUCARAMANGA,HISTORIA Y ARCHIVISTICA,SANTANDER,148.0,133.0,185.0,199.0,212.0
UNIVERSIDAD INDUSTRIAL DE SANTANDER-BUCARAMANGA,INGENIERIA CIVIL,SANTANDER,200.25,155.5,168.75,172.5,164.25
UNIVERSIDAD INDUSTRIAL DE SANTANDER-BUCARAMANGA,INGENIERIA DE PETROLEOS,SANTANDER,187.0,140.0,193.0,179.0,174.0
UNIVERSIDAD INDUSTRIAL DE SANTANDER-BUCARAMANGA,INGENIERIA ELECTRICA,SANTANDER,185.2,125.6,165.8,164.6,153.6
UNIVERSIDAD INDUSTRIAL DE SANTANDER-BUCARAMANGA,INGENIERIA ELECTRONICA,SANTANDER,189.0,84.0,182.0,176.0,195.0
UNIVERSIDAD INDUSTRIAL DE SANTANDER-BUCARAMANGA,INGENIERIA FORESTAL,SANTANDER,142.0,129.0,131.0,136.0,146.0
UNIVERSIDAD INDUSTRIAL DE SANTANDER-BUCARAMANGA,INGENIERIA INDUSTRIAL,SANTANDER,178.66666666666666,141.16666666666666,164.16666666666666,157.83333333333334,140.33333333333334
UNIVERSIDAD INDUSTRIAL DE SANTANDER-BUCARAMANGA,INGENIERIA MECANICA,SANTANDER,184.0,132.6,153.6,162.2,132.8
UNIVERSIDAD INDUSTRIAL DE SANTANDER-BUCARAMANGA,INGENIERIA QUIMICA,SANTANDER,201.0,160.0,191.0,181.0,201.0
UNIVERSIDAD INDUSTRIAL DE SANTANDER-BUCARAMANGA,ZOOTECNIA,SANTANDER,139.0,137.5,125.0,135.0,106.5
UNIVERSIDAD LA GRAN COLOMBIA-BOGOTÁ D.C.,ARQUITECTURA,BOGOTÁ,176.0,55.0,144.0,166.0,193.0
UNIVERSIDAD LA GRAN COLOMBIA-BOGOTÁ D.C.,DERECHO,BOGOTÁ,133.0,169.0,177.0,149.0,181.0
UNIVERSIDAD LA GRAN COLOMBIA-BOGOTÁ D.C.,INGENIERÍA CIVIL,BOGOTÁ,132.0,126.0,126.0,213.0,145.0
UNIVERSIDAD LIBRE-BOGOTÁ D.C.,DERECHO,BOGOTÁ,146.0,165.0,180.0,152.0,181.0
UNIVERSIDAD LIBRE-SOCORRO,DERECHO,SANTANDER,98.0,135.0,131.0,137.0,147.0
UNIVERSIDAD LIBRE-SOCORRO,INGENIERIA AMBIENTAL,SANTANDER,188.0,148.0,163.0,183.0,178.0
UNIVERSIDAD MANUELA BELTRAN-UMB--BOGOTÁ D.C.,ADMINISTRACION DE EMPRESAS,BOGOTÁ,99.0,173.0,92.0,132.0,86.0
UNIVERSIDAD MANUELA BELTRAN-UMB--BOGOTÁ D.C.,FISIOTERAPIA,BOGOTÁ,178.0,168.0,184.0,164.0,206.0
UNIVERSIDAD MANUELA BELTRAN-UMB--BOGOTÁ D.C.,INGENIERIA BIOMEDICA,BOGOTÁ,162.0,170.0,150.5,163.5,154.5
"UNIVERSIDAD MILITAR""NUEVA GRANADA""-BOGOTÁ D.C.",ADMINISTRACION DE EMPRESAS,BOGOTÁ,150.5,105.0,141.0,146.5,132.5
"UNIVERSIDAD MILITAR""NUEVA GRANADA""-BOGOTÁ D.C.",ADMINISTRACION DE LA SEGURIDAD Y SALUD OCUPACIONAL,BOGOTÁ,155.0,149.5,136.0,150.0,166.0
"UNIVERSIDAD MILITAR""NUEVA GRANADA""-BOGOTÁ D.C.",CONTADURIA PUBLICA,BOGOTÁ,178.0,146.0,185.0,168.0,117.0
"UNIVERSIDAD MILITAR""NUEVA GRANADA""-BOGOTÁ D.C.",DERECHO,BOGOTÁ,170.33333333333334,173.0,178.66666666666666,182.66666666666666,196.66666666666666
"UNIVERSIDAD MILITAR""NUEVA GRANADA""-BOGOTÁ D.C.",ECONOMIA,BOGOTÁ,183.0,180.0,159.0,196.0,168.0
"UNIVERSIDAD MILITAR""NUEVA GRANADA""-BOGOTÁ D.C.",INGENIERIA CIVIL,BOGOTÁ,169.6,142.2,147.75,157.4,149.9
"UNIVERSIDAD MILITAR""NUEVA GRANADA""-BOGOTÁ D.C.",INGENIERIA INDUSTRIAL,BOGOTÁ,181.25,157.5,145.0,156.25,133.75
"UNIVERSIDAD MILITAR""NUEVA GRANADA""-BOGOTÁ D.C.",RELACIONES INTERNACIONALES Y ESTUDIOS POLITICOS,BOGOTÁ,167.0,157.66666666666666,194.66666666666666,220.0,189.66666666666666
UNIVERSIDAD NACIONAL ABIERTA Y A DISTANCIA UNAD-BOGOTÁ D.C.,ADMINISTRACION DE EMPRESAS,BOGOTÁ,138.72340425531914,126.38297872340425,140.0,135.9787234042553,139.70212765957447
UNIVERSIDAD NACIONAL ABIERTA Y A DISTANCIA UNAD-BOGOTÁ D.C.,ADMINISTRACION EN SALUD,BOGOTÁ,139.0,144.75,129.25,126.0,141.5
UNIVERSIDAD NACIONAL ABIERTA Y A DISTANCIA UNAD-BOGOTÁ D.C.,AGRONOMIA,BOGOTÁ,159.0,138.5,141.5,130.75,156.0
UNIVERSIDAD NACIONAL ABIERTA Y A DISTANCIA UNAD-BOGOTÁ D.C.,ARTES VISUALES,BOGOTÁ,181.0,144.0,179.0,180.0,170.0
UNIVERSIDAD NACIONAL ABIERTA Y A DISTANCIA UNAD-BOGOTÁ D.C.,COMUNICACION SOCIAL,BOGOTÁ,119.5,136.4,142.9,153.3,135.8
UNIVERSIDAD NACIONAL ABIERTA Y A DISTANCIA UNAD-BOGOTÁ D.C.,CONTADURIA PÚBLICA,BOGOTÁ,141.5,105.75,130.25,141.5,119.0
UNIVERSIDAD NACIONAL ABIERTA Y A DISTANCIA UNAD-BOGOTÁ D.C.,DISEÑO INDUSTRIAL,BOGOTÁ,161.0,0.0,131.0,145.0,106.0
UNIVERSIDAD NACIONAL ABIERTA Y A DISTANCIA UNAD-BOGOTÁ D.C.,FILOSOFIA,BOGOTÁ,139.0,161.0,130.5,123.0,122.0
UNIVERSIDAD NACIONAL ABIERTA Y A DISTANCIA UNAD-BOGOTÁ D.C.,INGENIERIA DE ALIMENTOS,BOGOTÁ,139.0,128.11111111111111,140.22222222222223,122.88888888888889,131.22222222222223
UNIVERSIDAD NACIONAL ABIERTA Y A DISTANCIA UNAD-BOGOTÁ D.C.,INGENIERIA DE SISTEMAS,BOGOTÁ,154.54545454545453,139.8181818181818,151.45454545454547,149.77272727272728,143.54545454545453
UNIVERSIDAD NACIONAL ABIERTA Y A DISTANCIA UNAD-BOGOTÁ D.C.,INGENIERIA DE TELECOMUNICACIONES,BOGOTÁ,152.28571428571428,142.07142857142858,149.5,150.42857142857142,141.28571428571428
UNIVERSIDAD NACIONAL ABIERTA Y A DISTANCIA UNAD-BOGOTÁ D.C.,INGENIERIA ELECTRONICA,BOGOTÁ,161.36363636363637,135.04545454545453,151.86363636363637,155.4090909090909,138.1818181818182
UNIVERSIDAD NACIONAL ABIERTA Y A DISTANCIA UNAD-BOGOTÁ D.C.,INGENIERIA INDUSTRIAL,BOGOTÁ,143.5632183908046,125.64367816091954,138.45977011494253,139.67816091954023,134.8505747126437
UNIVERSIDAD NACIONAL ABIERTA Y A DISTANCIA UNAD-BOGOTÁ D.C.,INGENIERÍA AMBIENTAL,BOGOTÁ,137.3709677419355,125.73387096774194,140.09677419354838,137.46774193548387,134.15322580645162
UNIVERSIDAD NACIONAL ABIERTA Y A DISTANCIA UNAD-BOGOTÁ D.C.,LICENCIATURA EN FILOSOFIA,BOGOTÁ,120.0,145.0,148.0,124.0,163.0
UNIVERSIDAD NACIONAL ABIERTA Y A DISTANCIA UNAD-BOGOTÁ D.C.,LICENCIATURA EN INGLÉS COMO LENGUA EXTRANJERA,BOGOTÁ,128.5,154.66666666666666,133.5,179.33333333333334,131.0
UNIVERSIDAD NACIONAL ABIERTA Y A DISTANCIA UNAD-BOGOTÁ D.C.,LICENCIATURA EN LENGUAS EXTRANJERAS CON ÉNFASIS EN INGLÉS,BOGOTÁ,131.0,300.0,200.0,175.0,162.0
UNIVERSIDAD NACIONAL ABIERTA Y A DISTANCIA UNAD-BOGOTÁ D.C.,LICENCIATURA EN MATEMÁTICAS,BOGOTÁ,142.0,121.0,160.0,119.0,123.5
UNIVERSIDAD NACIONAL ABIERTA Y A DISTANCIA UNAD-BOGOTÁ D.C.,LICENCIATURA EN PEDAGOGIA INFANTIL,BOGOTÁ,125.16666666666667,144.83333333333334,140.25,130.75,129.58333333333334
UNIVERSIDAD NACIONAL ABIERTA Y A DISTANCIA UNAD-BOGOTÁ D.C.,MUSICA,BOGOTÁ,153.0,143.0,138.5,157.75,147.25
UNIVERSIDAD NACIONAL ABIERTA Y A DISTANCIA UNAD-BOGOTÁ D.C.,PSICOLOGIA,BOGOTÁ,126.72043010752688,131.71428571428572,139.3978494623656,134.27173913043478,135.79569892473117
UNIVERSIDAD NACIONAL ABIERTA Y A DISTANCIA UNAD-BOGOTÁ D.C.,QUIMICA,BOGOTÁ,182.0,178.0,165.0,143.0,146.0
UNIVERSIDAD NACIONAL ABIERTA Y A DISTANCIA UNAD-BOGOTÁ D.C.,ZOOTECNIA,BOGOTÁ,151.0,120.4,152.6,141.0,150.4
UNIVERSIDAD NACIONAL DE COLOMBIA-BOGOTÁ D.C.,ANTROPOLOGIA,BOGOTÁ,157.0,115.0,205.0,188.0,190.0
UNIVERSIDAD NACIONAL DE COLOMBIA-BOGOTÁ D.C.,ARTES PLASTICAS,BOGOTÁ,178.0,152.0,184.0,208.0,196.0
UNIVERSIDAD NACIONAL DE COLOMBIA-BOGOTÁ D.C.,CIENCIA POLITICA,BOGOTÁ,170.0,254.0,182.5,186.5,261.0
UNIVERSIDAD NACIONAL DE COLOMBIA-BOGOTÁ D.C.,DERECHO,BOGOTÁ,191.0,217.5,196.5,172.0,200.5
UNIVERSIDAD NACIONAL DE COLOMBIA-BOGOTÁ D.C.,ECONOMIA,BOGOTÁ,196.0,124.0,197.0,159.0,180.0
UNIVERSIDAD NACIONAL DE COLOMBIA-BOGOTÁ D.C.,ENFERMERIA,BOGOTÁ,190.5,161.5,183.0,193.0,190.0
UNIVERSIDAD NACIONAL DE COLOMBIA-BOGOTÁ D.C.,ESPAÑOL Y FILOLOGIA CLASICA,BOGOTÁ,186.0,129.0,212.0,205.0,177.0
UNIVERSIDAD NACIONAL DE COLOMBIA-BOGOTÁ D.C.,FARMACIA,BOGOTÁ,184.4,171.4,192.0,182.8,195.4
UNIVERSIDAD NACIONAL DE COLOMBIA-BOGOTÁ D.C.,INGENIERIA AGRICOLA,BOGOTÁ,183.0,134.0,165.0,167.0,160.0
UNIVERSIDAD NACIONAL DE COLOMBIA-BOGOTÁ D.C.,INGENIERIA CIVIL,BOGOTÁ,219.6,143.2,188.4,191.8,185.2
UNIVERSIDAD NACIONAL DE COLOMBIA-BOGOTÁ D.C.,INGENIERIA ELECTRICA,BOGOTÁ,205.0,195.5,176.5,205.0,182.0
UNIVERSIDAD NACIONAL DE COLOMBIA-BOGOTÁ D.C.,INGENIERIA ELECTRONICA,BOGOTÁ,215.0,177.0,198.5,197.5,209.5
UNIVERSIDAD NACIONAL DE COLOMBIA-BOGOTÁ D.C.,INGENIERIA MECANICA,BOGOTÁ,181.0,167.0,207.0,207.0,180.0
UNIVERSIDAD NACIONAL DE COLOMBIA-BOGOTÁ D.C.,INGENIERIA MECATRONICA,BOGOTÁ,214.0,125.0,204.0,187.0,194.0
UNIVERSIDAD NACIONAL DE COLOMBIA-BOGOTÁ D.C.,INGENIERIA QUIMICA,BOGOTÁ,216.0,159.0,204.0,205.0,193.0
UNIVERSIDAD NACIONAL DE COLOMBIA-BOGOTÁ D.C.,INGENIERÍA DE SISTEMAS Y COMPUTACIÓN,BOGOTÁ,206.0,174.0,163.0,208.0,189.0
UNIVERSIDAD NACIONAL DE COLOMBIA-BOGOTÁ D.C.,MATEMATICAS,BOGOTÁ,225.0,0.0,216.0,211.0,207.0
UNIVERSIDAD NACIONAL DE COLOMBIA-BOGOTÁ D.C.,MEDICINA,BOGOTÁ,205.05555555555554,155.11111111111111,191.16666666666666,192.77777777777777,194.5
UNIVERSIDAD NACIONAL DE COLOMBIA-BOGOTÁ D.C.,NUTRICION Y DIETETICA,BOGOTÁ,204.0,146.0,173.0,169.0,191.0
UNIVERSIDAD NACIONAL DE COLOMBIA-BOGOTÁ D.C.,ODONTOLOGIA,BOGOTÁ,180.0,161.0,178.0,186.0,189.0
UNIVERSIDAD NACIONAL DE COLOMBIA-BOGOTÁ D.C.,PSICOLOGIA,BOGOTÁ,190.5,123.5,195.5,197.0,187.5
UNIVERSIDAD NACIONAL DE COLOMBIA-BOGOTÁ D.C.,QUIMICA,BOGOTÁ,202.0,133.0,165.0,187.0,172.0
UNIVERSIDAD NACIONAL DE COLOMBIA-BOGOTÁ D.C.,SOCIOLOGIA,BOGOTÁ,195.0,142.0,206.0,208.5,224.5
UNIVERSIDAD NACIONAL DE COLOMBIA-BOGOTÁ D.C.,ZOOTECNIA,BOGOTÁ,147.0,126.0,184.0,173.0,188.0
UNIVERSIDAD NACIONAL DE COLOMBIA-MANIZALES,ARQUITECTURA,CALDAS,183.0,120.0,173.0,208.0,203.0
UNIVERSIDAD NACIONAL DE COLOMBIA-MANIZALES,INGENIERIA CIVIL,CALDAS,196.5,123.0,181.5,179.0,157.5
UNIVERSIDAD NACIONAL DE COLOMBIA-MANIZALES,INGENIERIA ELECTRICA,CALDAS,176.0,176.0,184.0,162.0,198.0
UNIVERSIDAD NACIONAL DE COLOMBIA-MEDELLIN,INGENIERIA QUIMICA,ANTIOQUIA,212.0,169.0,190.0,181.0,200.0
UNIVERSIDAD PEDAGOGICA NACIONAL-BOGOTÁ D.C.,LICENCIATURA EN MUSICA,BOGOTÁ,174.0,96.0,153.0,81.0,115.0
UNIVERSIDAD PEDAGOGICA Y TECNOLOGICA DE COLOMBIA-CHIQUINQUIRA,ADMINISTRACION DE EMPRESAS,BOYACA,141.8,148.1,137.5,141.9,137.0
UNIVERSIDAD PEDAGOGICA Y TECNOLOGICA DE COLOMBIA-CHIQUINQUIRA,CONTADURIA PUBLICA,BOYACA,136.3125,131.1875,127.875,127.0,123.5
UNIVERSIDAD PEDAGOGICA Y TECNOLOGICA DE COLOMBIA-DUITAMA,ADMINISTRACION DE EMPRESAS AGROPECUARIAS,BOYACA,136.25,129.3181818181818,134.8181818181818,137.20454545454547,135.27272727272728
UNIVERSIDAD PEDAGOGICA Y TECNOLOGICA DE COLOMBIA-DUITAMA,ADMINISTRACION INDUSTRIAL,BOYACA,154.0,138.0,152.76,144.92,149.64
UNIVERSIDAD PEDAGOGICA Y TECNOLOGICA DE COLOMBIA-DUITAMA,ADMINISTRACION TURISTICA Y HOTELERA,BOYACA,149.56666666666666,139.16666666666666,150.08333333333334,161.6,147.01666666666668
UNIVERSIDAD PEDAGOGICA Y TECNOLOGICA DE COLOMBIA-DUITAMA,DISEÑO INDUSTRIAL,BOYACA,153.65853658536585,134.0,160.0731707317073,161.70731707317074,155.41463414634146
UNIVERSIDAD PEDAGOGICA Y TECNOLOGICA DE COLOMBIA-DUITAMA,INGENIERIA ELECTROMECANICA,BOYACA,194.45833333333334,142.29166666666666,168.54166666666666,162.5,169.29166666666666
UNIVERSIDAD PEDAGOGICA Y TECNOLOGICA DE COLOMBIA-DUITAMA,LICENCIATURA EN EDUCACION INDUSTRIAL,BOYACA,149.55555555555554,129.66666666666666,138.44444444444446,151.55555555555554,139.88888888888889
UNIVERSIDAD PEDAGOGICA Y TECNOLOGICA DE COLOMBIA-DUITAMA,LICENCIATURA EN MATEMATICAS,BOYACA,186.0,118.0,172.0,135.0,187.0
UNIVERSIDAD PEDAGOGICA Y TECNOLOGICA DE COLOMBIA-DUITAMA,LICENCIATURA EN MATEMATICAS Y ESTADISTICA,BOYACA,179.47368421052633,139.05263157894737,160.05263157894737,155.8421052631579,147.78947368421052
UNIVERSIDAD PEDAGOGICA Y TECNOLOGICA DE COLOMBIA-DUITAMA,LICENCIATURA EN TECNOLOGIA,BOYACA,120.5,117.25,135.0,130.25,128.0
UNIVERSIDAD PEDAGOGICA Y TECNOLOGICA DE COLOMBIA-SOGAMOSO,ADMINISTRACION DE EMPRESAS,BOYACA,153.0780487804878,147.6600985221675,150.53658536585365,146.9658536585366,146.83414634146342
UNIVERSIDAD PEDAGOGICA Y TECNOLOGICA DE COLOMBIA-SOGAMOSO,CONTADURIA PUBLICA,BOYACA,161.06965174129354,138.2,157.19900497512438,150.16915422885572,157.30348258706468
UNIVERSIDAD PEDAGOGICA Y TECNOLOGICA DE COLOMBIA-SOGAMOSO,FINANZAS Y COMERCIO INTERNACIONAL,BOYACA,165.73563218390805,149.22988505747125,170.71264367816093,180.98850574712642,171.50574712643677
UNIVERSIDAD PEDAGOGICA Y TECNOLOGICA DE COLOMBIA-SOGAMOSO,INGENIERIA DE MINAS,BOYACA,179.64406779661016,139.82203389830508,161.02542372881356,157.77966101694915,157.9915254237288
UNIVERSIDAD PEDAGOGICA Y TECNOLOGICA DE COLOMBIA-SOGAMOSO,INGENIERIA ELECTRONICA,BOYACA,177.27272727272728,137.5979381443299,163.54545454545453,161.41414141414143,156.26262626262627
UNIVERSIDAD PEDAGOGICA Y TECNOLOGICA DE COLOMBIA-SOGAMOSO,INGENIERIA GEOLOGICA,BOYACA,187.01156069364163,146.28235294117647,176.82080924855492,174.21387283236993,169.05780346820808
UNIVERSIDAD PEDAGOGICA Y TECNOLOGICA DE COLOMBIA-SOGAMOSO,INGENIERIA INDUSTRIAL,BOYACA,187.2185430463576,141.86754966887418,166.48344370860926,159.86754966887418,160.21192052980132
UNIVERSIDAD PEDAGOGICA Y TECNOLOGICA DE COLOMBIA-TUNJA,ADMINISTRACION DE EMPRESAS,BOYACA,159.75,155.625,152.25,170.875,149.5
UNIVERSIDAD PEDAGOGICA Y TECNOLOGICA DE COLOMBIA-TUNJA,ADMINISTRACIÓN AGROINDUSTRIAL,BOYACA,131.0,133.0,140.0,117.0,119.0
UNIVERSIDAD PEDAGOGICA Y TECNOLOGICA DE COLOMBIA-TUNJA,ADMINISTRACIÓN COMERCIAL Y FINANCIERA,BOYACA,133.0,135.11111111111111,129.62962962962962,134.92592592592592,131.8148148148148
UNIVERSIDAD PEDAGOGICA Y TECNOLOGICA DE COLOMBIA-TUNJA,ADMINISTRACIÓN DE SERVICIOS DE SALUD,BOYACA,139.2962962962963,129.30769230769232,135.25925925925927,134.14814814814815,134.88888888888889
UNIVERSIDAD PEDAGOGICA Y TECNOLOGICA DE COLOMBIA-TUNJA,BIOLOGIA,BOYACA,166.05882352941177,168.88235294117646,171.2941176470588,173.7058823529412,175.1764705882353
UNIVERSIDAD PEDAGOGICA Y TECNOLOGICA DE COLOMBIA-TUNJA,CONTADURIA PUBLICA,BOYACA,151.0,142.0,179.5,135.0,199.0
UNIVERSIDAD PEDAGOGICA Y TECNOLOGICA DE COLOMBIA-TUNJA,DERECHO,BOYACA,144.8,158.8,171.0,173.2,174.8
UNIVERSIDAD PEDAGOGICA Y TECNOLOGICA DE COLOMBIA-TUNJA,DERECHO Y CIENCIAS SOCIALES,BOYACA,157.6060606060606,143.4848484848485,180.27272727272728,168.03030303030303,188.06060606060606
UNIVERSIDAD PEDAGOGICA Y TECNOLOGICA DE COLOMBIA-TUNJA,ECONOMIA,BOYACA,147.31034482758622,138.68965517241378,153.82758620689654,149.79310344827587,154.75862068965517
UNIVERSIDAD PEDAGOGICA Y TECNOLOGICA DE COLOMBIA-TUNJA,ENFERMERIA,BOYACA,163.6315789473684,137.52631578947367,169.21052631578948,169.78947368421052,170.47368421052633
UNIVERSIDAD PEDAGOGICA Y TECNOLOGICA DE COLOMBIA-TUNJA,FISICA,BOYACA,180.6,161.8,170.8,174.6,139.8
UNIVERSIDAD PEDAGOGICA Y TECNOLOGICA DE COLOMBIA-TUNJA,INGENIERIA AGRONÓMICA,BOYACA,164.33333333333334,155.86666666666667,158.0,146.66666666666666,157.93333333333334
UNIVERSIDAD PEDAGOGICA Y TECNOLOGICA DE COLOMBIA-TUNJA,INGENIERIA AMBIENTAL,BOYACA,179.1875,153.4375,176.75,165.5,173.4375
UNIVERSIDAD PEDAGOGICA Y TECNOLOGICA DE COLOMBIA-TUNJA,INGENIERIA CIVIL,BOYACA,192.17391304347825,140.95652173913044,162.65217391304347,171.04347826086956,167.82608695652175
UNIVERSIDAD PEDAGOGICA Y TECNOLOGICA DE COLOMBIA-TUNJA,INGENIERIA DE SISTEMAS Y COMPUTACION,BOYACA,164.6,134.24444444444444,158.16666666666666,164.93333333333334,148.2888888888889
UNIVERSIDAD PEDAGOGICA Y TECNOLOGICA DE COLOMBIA-TUNJA,INGENIERIA DE TRANSPORTE Y VIAS,BOYACA,184.7391304347826,126.21739130434783,170.0,157.52173913043478,155.7391304347826
UNIVERSIDAD PEDAGOGICA Y TECNOLOGICA DE COLOMBIA-TUNJA,INGENIERIA METALURGICA,BOYACA,161.58333333333334,137.33333333333334,152.66666666666666,157.5,142.66666666666666
UNIVERSIDAD PEDAGOGICA Y TECNOLOGICA DE COLOMBIA-TUNJA,LICENCIATURA EN ARTES PLASTICAS,BOYACA,105.0,133.0,122.0,165.0,163.0
UNIVERSIDAD PEDAGOGICA Y TECNOLOGICA DE COLOMBIA-TUNJA,LICENCIATURA EN CIENCIAS NATURALES Y EDUCACION AMBIENTAL,BOYACA,149.91666666666666,135.33333333333334,149.66666666666666,153.08333333333334,152.08333333333334
UNIVERSIDAD PEDAGOGICA Y TECNOLOGICA DE COLOMBIA-TUNJA,LICENCIATURA EN CIENCIAS SOCIALES,BOYACA,145.8421052631579,148.6315789473684,166.89473684210526,156.31578947368422,167.68421052631578
UNIVERSIDAD PEDAGOGICA Y TECNOLOGICA DE COLOMBIA-TUNJA,LICENCIATURA EN EDUCACION BASICA CON ENFASIS EN MATEMATICA HUMANIDADES Y LENGUA CASTELLANA,BOYACA,125.62162162162163,132.26126126126127,131.8918918918919,136.99099099099098,130.66666666666666
UNIVERSIDAD PEDAGOGICA Y TECNOLOGICA DE COLOMBIA-TUNJA,LICENCIATURA EN EDUCACION BASICA PRIMARIA,BOYACA,138.0,151.66666666666666,148.33333333333334,141.33333333333334,136.66666666666666
UNIVERSIDAD PEDAGOGICA Y TECNOLOGICA DE COLOMBIA-TUNJA,"LICENCIATURA EN EDUCACION FISICA,RECREACION Y DEPORTE",BOYACA,146.27777777777777,109.33333333333333,148.27777777777777,147.0,143.33333333333334
UNIVERSIDAD PEDAGOGICA Y TECNOLOGICA DE COLOMBIA-TUNJA,LICENCIATURA EN EDUCACION PREESCOLAR,BOYACA,140.7058823529412,127.76470588235294,154.23529411764707,153.64705882352942,147.35294117647058
UNIVERSIDAD PEDAGOGICA Y TECNOLOGICA DE COLOMBIA-TUNJA,"LICENCIATURA EN EDUCACIÓN FÍSICA, RECREACIÓN Y DEPORTE",BOYACA,140.5,130.375,141.75,146.25,126.375
UNIVERSIDAD PEDAGOGICA Y TECNOLOGICA DE COLOMBIA-TUNJA,LICENCIATURA EN FILOSOFIA,BOYACA,135.25,156.75,168.5,99.5,135.5
UNIVERSIDAD PEDAGOGICA Y TECNOLOGICA DE COLOMBIA-TUNJA,LICENCIATURA EN IDIOMAS MODERNOS ESPAÑOL- INGLES,BOYACA,149.61904761904762,167.14285714285714,170.0,201.04761904761904,153.0
UNIVERSIDAD PEDAGOGICA Y TECNOLOGICA DE COLOMBIA-TUNJA,LICENCIATURA EN INFORMATICA EDUCATIVA,BOYACA,136.0,141.0,147.0,139.5,115.0
UNIVERSIDAD PEDAGOGICA Y TECNOLOGICA DE COLOMBIA-TUNJA,LICENCIATURA EN LENGUAS EXTRANJERAS,BOYACA,154.3,148.45,175.15,207.3,171.8
UNIVERSIDAD PEDAGOGICA Y TECNOLOGICA DE COLOMBIA-TUNJA,LICENCIATURA EN MATEMATICAS,BOYACA,147.6,139.2,141.8,141.2,139.2
UNIVERSIDAD PEDAGOGICA Y TECNOLOGICA DE COLOMBIA-TUNJA,LICENCIATURA EN MUSICA,BOYACA,149.75,150.0,156.5,156.25,141.5
UNIVERSIDAD PEDAGOGICA Y TECNOLOGICA DE COLOMBIA-TUNJA,LICENCIATURA EN PSICOPEDAGOGIA CON ENFASIS EN ASESORIA EDUCATIVA,BOYACA,152.83333333333334,150.33333333333334,170.5,161.58333333333334,166.91666666666666
UNIVERSIDAD PEDAGOGICA Y TECNOLOGICA DE COLOMBIA-TUNJA,MEDICINA,BOYACA,176.3,142.4,180.9,176.0,177.0
UNIVERSIDAD PEDAGOGICA Y TECNOLOGICA DE COLOMBIA-TUNJA,MEDICINA VETERINARIA Y ZOOTECNIA,BOYACA,172.1875,138.6875,164.125,160.0625,165.0625
UNIVERSIDAD PEDAGOGICA Y TECNOLOGICA DE COLOMBIA-TUNJA,PSICOLOGIA,BOYACA,157.8,153.75,172.9,169.95,171.6
UNIVERSIDAD PEDAGOGICA Y TECNOLOGICA DE COLOMBIA-TUNJA,QUIMICA,BOYACA,168.03703703703704,161.0,154.11111111111111,154.85185185185185,150.62962962962962
UNIVERSIDAD PONTIFICIA BOLIVARIANA-BUCARAMANGA,DERECHO,SANTANDER,166.0,99.0,181.0,123.0,156.0
UNIVERSIDAD SANTO TOMAS-BOGOTÁ D.C.,ADMINISTRACION AMBIENTAL Y DE LOS RECURSOS NATURALES,BOGOTÁ,132.5,161.0,140.25,132.75,129.25
UNIVERSIDAD SANTO TOMAS-BOGOTÁ D.C.,ADMINISTRACION DE EMPRESAS,BOGOTÁ,171.5,151.0,153.0,121.0,166.5
UNIVERSIDAD SANTO TOMAS-BOGOTÁ D.C.,ADMINISTRACION DE EMPRESAS AGROPECUARIAS,BOGOTÁ,153.0,180.0,124.0,131.0,161.0
UNIVERSIDAD SANTO TOMAS-BOGOTÁ D.C.,COMUNICACION SOCIAL,BOGOTÁ,167.0,98.0,202.0,162.0,199.0
UNIVERSIDAD SANTO TOMAS-BOGOTÁ D.C.,CONSTRUCCION EN ARQUITECTURA E INGENIERIA,BOGOTÁ,102.5,114.0,109.5,136.0,108.0
UNIVERSIDAD SANTO TOMAS-BOGOTÁ D.C.,"CULTURA FISICA, DEPORTE Y RECREACION",BOGOTÁ,141.0,115.0,126.0,158.0,133.0
UNIVERSIDAD SANTO TOMAS-BOGOTÁ D.C.,DERECHO,BOGOTÁ,127.0,112.5,123.0,141.0,124.5
UNIVERSIDAD SANTO TOMAS-BOGOTÁ D.C.,DISEÑO GRÁFICO,BOGOTÁ,164.0,185.0,184.0,216.0,165.0
UNIVERSIDAD SANTO TOMAS-BOGOTÁ D.C.,ECONOMIA,BOGOTÁ,187.5,167.5,180.5,179.0,135.5
UNIVERSIDAD SANTO TOMAS-BOGOTÁ D.C.,INGENIERIA AMBIENTAL,BOGOTÁ,174.0,163.0,169.0,195.0,172.0
UNIVERSIDAD SANTO TOMAS-BOGOTÁ D.C.,INGENIERIA CIVIL,BOGOTÁ,150.66666666666666,148.33333333333334,153.66666666666666,133.66666666666666,130.66666666666666
UNIVERSIDAD SANTO TOMAS-BOGOTÁ D.C.,INGENIERIA MECANICA,BOGOTÁ,178.66666666666666,153.66666666666666,162.0,159.66666666666666,155.0
UNIVERSIDAD SANTO TOMAS-BOGOTÁ D.C.,INGENIERÍA AMBIENTAL,BOGOTÁ,128.5,107.5,168.0,143.0,168.0
UNIVERSIDAD SANTO TOMAS-BOGOTÁ D.C.,INGENIERÍA CIVIL,BOGOTÁ,158.0,128.0,138.0,155.0,143.0
UNIVERSIDAD SANTO TOMAS-BOGOTÁ D.C.,INGENIERÍA EN LOGISTICA Y OPERACIONES,BOGOTÁ,137.0,0.0,154.0,130.0,147.0
UNIVERSIDAD SANTO TOMAS-BOGOTÁ D.C.,LICENCIATURA EN EDUCACION PREESCOLAR,BOGOTÁ,111.5,80.5,104.5,111.5,91.0
UNIVERSIDAD SANTO TOMAS-BOGOTÁ D.C.,LICENCIATURA EN FILOSOFIA Y EDUCACION RELIGIOSA,BOGOTÁ,94.0,101.0,99.0,99.0,147.0
UNIVERSIDAD SANTO TOMAS-BOGOTÁ D.C.,LICENCIATURA EN FILOSOFIA Y LENGUA CASTELLANA,BOGOTÁ,168.0,167.0,181.0,0.0,142.0
UNIVERSIDAD SANTO TOMAS-BOGOTÁ D.C.,MERCADEO,BOGOTÁ,115.0,163.0,147.0,170.0,141.0
UNIVERSIDAD SANTO TOMAS-BOGOTÁ D.C.,PSICOLOGIA,BOGOTÁ,146.0,131.0,154.0,157.0,167.0
UNIVERSIDAD SANTO TOMAS-BUCARAMANGA,ARQUITECTURA,SANTANDER,170.0,135.0,157.0,178.0,112.0
UNIVERSIDAD SANTO TOMAS-BUCARAMANGA,ECONOMIA,SANTANDER,146.0,76.0,154.0,172.0,157.0
UNIVERSIDAD SANTO TOMAS-BUCARAMANGA,INGENIERIA MECATRONICA,SANTANDER,106.0,135.0,111.0,120.0,101.0
UNIVERSIDAD SANTO TOMAS-BUCARAMANGA,ODONTOLOGIA,SANTANDER,136.0,127.0,143.0,163.0,149.0
UNIVERSIDAD SANTO TOMAS-TUNJA,ADMINISTRACION DE EMPRESAS,BOYACA,144.625,147.25,140.75,156.5,140.25
UNIVERSIDAD SANTO TOMAS-TUNJA,ARQUITECTURA,BOYACA,144.4375,123.3125,148.5,150.375,142.5
UNIVERSIDAD SANTO TOMAS-TUNJA,CONTADURIA PUBLICA,BOYACA,136.33333333333334,112.66666666666667,143.33333333333334,155.33333333333334,149.66666666666666
UNIVERSIDAD SANTO TOMAS-TUNJA,CULTURA FÍSICA DEPORTE Y RECREACIÓN,BOYACA,102.0,123.0,80.0,131.0,109.0
UNIVERSIDAD SANTO TOMAS-TUNJA,DERECHO,BOYACA,139.96666666666667,152.93333333333334,163.96666666666667,162.26666666666668,161.06666666666666
UNIVERSIDAD SANTO TOMAS-TUNJA,INGENIERIA CIVIL,BOYACA,171.5,135.4655172413793,149.51724137931035,151.9655172413793,148.91379310344828
UNIVERSIDAD SANTO TOMAS-TUNJA,INGENIERIA DE SISTEMAS,BOYACA,162.66666666666666,96.0,137.0,163.0,137.66666666666666
UNIVERSIDAD SANTO TOMAS-TUNJA,INGENIERIA ELECTRONICA,BOYACA,166.0,121.5,153.5,149.0,142.5
UNIVERSIDAD SANTO TOMAS-TUNJA,INGENIERÍA AMBIENTAL,BOYACA,176.0,129.625,155.25,160.625,148.75
UNIVERSIDAD SANTO TOMAS-TUNJA,INGENIERÍA INDUSTRIAL,BOYACA,164.0,114.0,146.0,168.0,132.0
UNIVERSIDAD SANTO TOMAS-TUNJA,INGENIERÍA MECÁNICA,BOYACA,164.66666666666666,130.0,157.0,154.33333333333334,154.83333333333334
UNIVERSIDAD SANTO TOMAS-TUNJA,NEGOCIOS INTERNACIONALES,BOYACA,146.8181818181818,151.45454545454547,163.54545454545453,177.8181818181818,154.8181818181818
UNIVERSIDAD SERGIO ARBOLEDA-BOGOTÁ D.C.,ADMINISTRACION DE EMPRESAS,BOGOTÁ,162.0,191.0,180.0,169.0,178.0
UNIVERSIDAD SERGIO ARBOLEDA-BOGOTÁ D.C.,ECONOMIA,BOGOTÁ,194.0,184.0,171.0,166.0,197.0
UNIVERSIDAD SERGIO ARBOLEDA-BOGOTÁ D.C.,FINANZAS Y COMERCIO EXTERIOR,BOGOTÁ,168.0,157.5,160.0,199.0,170.5
UNIVERSIDAD SERGIO ARBOLEDA-BOGOTÁ D.C.,INGENIERIA INDUSTRIAL,BOGOTÁ,178.0,151.66666666666666,167.0,160.33333333333334,177.0
UNIVERSIDAD SERGIO ARBOLEDA-BOGOTÁ D.C.,MARKETING Y NEGOCIOS INTERNACIONALES,BOGOTÁ,213.0,84.0,183.0,189.0,177.0
UNIVERSIDAD SERGIO ARBOLEDA-BOGOTÁ D.C.,MUSICA,BOGOTÁ,103.0,124.0,141.0,155.0,145.0
UNIVERSITARIA AGUSTINIANA- UNIAGUSTINIANA-BOGOTÁ D.C.,INGENIERIA INDUSTRIAL,BOGOTÁ,87.0,84.0,104.0,128.0,85.0
UNIVERSITARIA VIRTUAL INTERNACIONAL-BOGOTÁ D.C.,CONTADURÍA PÚBLICA,BOGOTÁ,90.0,165.0,118.0,118.0,149.0
UNIVERSITARIA VIRTUAL INTERNACIONAL-BOGOTÁ D.C.,PUBLICIDAD,BOGOTÁ,106.0,145.0,101.0,135.0,122.0
